#pragma once
#include <Arduino.h>

#define LOGO_64_WIDTH 64
#define LOGO_64_HEIGHT 64
const uint16_t logo_64[4096] PROGMEM = {
    0x0000, 0x0000, 0x0000, 0x0000, 0x0000, 0x0000, 0x0000, 0x0000, 0x0000, 0x0000, 0x0000, 0x0000,
    0x0000, 0x0000, 0x0000, 0x0000, 0x0000, 0x0000, 0x0000, 0x0000, 0x0000, 0x0000, 0x0000, 0x0000,
    0x0000, 0x0000, 0x0000, 0x0000, 0x0000, 0x0000, 0x0000, 0x0000, 0x0000, 0x0000, 0x0000, 0x0000,
    0x0000, 0x0000, 0x0000, 0x0000, 0x0000, 0x0000, 0x0000, 0x0000, 0x0000, 0x0000, 0x0000, 0x0000,
    0x0000, 0x0000, 0x0000, 0x0000, 0x0000, 0x0000, 0x0000, 0x0000, 0x0000, 0x0000, 0x0000, 0x0000,
    0x0000, 0x0000, 0x0000, 0x0000, 0x0000, 0x0000, 0x0000, 0x0000, 0x0000, 0x0000, 0x0000, 0x0000,
    0x0000, 0x0000, 0x0000, 0x0000, 0x0000, 0x0000, 0x0000, 0x0000, 0x0000, 0x0000, 0x0000, 0x0000,
    0x0000, 0x0000, 0x0000, 0x0000, 0x0000, 0x0000, 0x0000, 0x0000, 0x0000, 0x0000, 0x0000, 0x0000,
    0x0000, 0x0000, 0x0000, 0x0000, 0x0000, 0x0000, 0x0000, 0x0000, 0x0000, 0x0000, 0x0000, 0x0000,
    0x0000, 0x0000, 0x0000, 0x0000, 0x0000, 0x0000, 0x0000, 0x0000, 0x0000, 0x0000, 0x0000, 0x0000,
    0x0000, 0x0000, 0x0000, 0x0000, 0x0000, 0x0000, 0x0000, 0x0000, 0x0000, 0x0000, 0x0000, 0x0000,
    0x0000, 0x0000, 0x0000, 0x0000, 0x0000, 0x0000, 0x0000, 0x0000, 0x0000, 0x0000, 0x0000, 0x0000,
    0x0000, 0x0000, 0x0000, 0x0000, 0x0000, 0x0000, 0x0000, 0x0000, 0x0000, 0x0000, 0x0000, 0x0000,
    0x0000, 0x0000, 0x0000, 0x0000, 0x0000, 0x0000, 0x0000, 0x0000, 0x0000, 0x0000, 0x0000, 0x0000,
    0x0000, 0x0000, 0x0000, 0x0000, 0x0000, 0x0000, 0x0000, 0x0000, 0x0000, 0x0000, 0x0000, 0x0000,
    0x0000, 0x0000, 0x0000, 0x0000, 0x0000, 0x0000, 0x0000, 0x0000, 0x0000, 0x0000, 0x0000, 0x0000,
    0x0000, 0x0000, 0x0000, 0x0000, 0x0000, 0x0000, 0x0000, 0x0000, 0x0000, 0x0000, 0x0000, 0x0000,
    0x0000, 0x0000, 0x0000, 0x0000, 0x0000, 0x0000, 0x0000, 0x0000, 0x0000, 0x0000, 0x0000, 0x0000,
    0x0000, 0x0000, 0x0000, 0x0000, 0x0000, 0x0000, 0x0000, 0x0000, 0x0000, 0x0000, 0x0000, 0x0000,
    0x0000, 0x0000, 0x0000, 0x0000, 0x0000, 0x0000, 0x0000, 0x0000, 0x0000, 0x0000, 0x0000, 0x0000,
    0x0000, 0x0000, 0x0000, 0x0000, 0x0000, 0x0000, 0x0000, 0x0000, 0x0000, 0x0000, 0x0000, 0x0000,
    0x0000, 0x0000, 0x0000, 0x0000, 0x0000, 0x0000, 0x0000, 0x0000, 0x0000, 0x0000, 0x0000, 0x0000,
    0x0000, 0x0000, 0x0000, 0x0000, 0x0000, 0x0000, 0x0000, 0x0000, 0x0000, 0x0000, 0x0000, 0x0000,
    0x0000, 0x0000, 0x0000, 0x0000, 0x0000, 0x0000, 0x0000, 0x0000, 0x0000, 0x0000, 0x0000, 0x0000,
    0x0000, 0x0000, 0x0000, 0x0000, 0x0000, 0x0000, 0x0000, 0x0000, 0x0000, 0x0000, 0x0000, 0x0000,
    0x0000, 0x0000, 0x0000, 0x0000, 0x0000, 0x0000, 0x0000, 0x0000, 0x0000, 0x0000, 0x0000, 0x0000,
    0x0000, 0x0000, 0x0000, 0x0000, 0x0000, 0x0000, 0x0000, 0x0000, 0x0000, 0x0000, 0x0000, 0x0000,
    0x0000, 0x0000, 0x0000, 0x0000, 0x0000, 0x0000, 0x0000, 0x0000, 0x0000, 0x0000, 0x0000, 0x0000,
    0x0000, 0x0000, 0x0000, 0x0000, 0x0000, 0x0000, 0x0000, 0x0000, 0x0000, 0x0000, 0x0000, 0x0000,
    0x0000, 0x0000, 0x0000, 0x0000, 0x0000, 0x0000, 0x0000, 0x0000, 0x0000, 0x0000, 0x0000, 0x0000,
    0x0000, 0x0000, 0x0000, 0x0000, 0x0000, 0x0000, 0x0000, 0x0000, 0x0000, 0x0000, 0x0000, 0x0000,
    0x0000, 0x0000, 0x0000, 0x0000, 0x0000, 0x0000, 0x0000, 0x0000, 0x0000, 0x0000, 0x0000, 0x0000,
    0x0000, 0x0000, 0x0000, 0x0000, 0x0000, 0x0000, 0x0000, 0x0000, 0x0000, 0x0000, 0x0000, 0x0000,
    0x0000, 0x0000, 0x0000, 0x0000, 0x0000, 0x0000, 0x0000, 0x0000, 0x0000, 0x0000, 0x0000, 0x0000,
    0x0000, 0x0000, 0x0000, 0x0000, 0x0000, 0x0000, 0x0000, 0x0000, 0x0000, 0x0000, 0x0000, 0x0000,
    0x0000, 0x0000, 0x0000, 0x0000, 0x0000, 0x0000, 0x0000, 0x0000, 0x0000, 0x0000, 0x0000, 0x0000,
    0x0000, 0x0000, 0x0000, 0x0000, 0x0000, 0x0000, 0x0000, 0x0000, 0x0000, 0x0000, 0x0000, 0x0000,
    0x0000, 0x0000, 0x0000, 0x0000, 0x0000, 0x0000, 0x0000, 0x0000, 0x0000, 0x0000, 0x0000, 0x0000,
    0x0000, 0x0000, 0x0000, 0x0000, 0x0000, 0x0000, 0x0000, 0x0000, 0x0000, 0x0000, 0x0000, 0x0000,
    0x0000, 0x0000, 0x0000, 0x0000, 0x0000, 0x0000, 0x0000, 0x0000, 0x0000, 0x0000, 0x0000, 0x0000,
    0x0000, 0x0000, 0x0000, 0x0000, 0x0000, 0x0000, 0x0000, 0x0000, 0x0000, 0x0000, 0x0000, 0x0000,
    0x0000, 0x0000, 0x0000, 0x0000, 0x0000, 0x0000, 0x0000, 0x0000, 0x0000, 0x0000, 0x0000, 0x0000,
    0x0000, 0x0000, 0x0000, 0x0000, 0x0000, 0x0000, 0x0000, 0x0000, 0x0000, 0x0000, 0x0000, 0x0000,
    0x0000, 0x0000, 0x0000, 0x0000, 0x0000, 0x0000, 0x0000, 0x0000, 0x0000, 0x0000, 0x0000, 0x0000,
    0x0000, 0x0000, 0x0000, 0x0000, 0x0000, 0x0000, 0x0000, 0x0000, 0x0000, 0x0000, 0x0000, 0x0000,
    0x0000, 0x0000, 0x0000, 0x0000, 0x0000, 0x0000, 0x0000, 0x0000, 0x0000, 0x0000, 0x0000, 0x0000,
    0x0000, 0x0000, 0x0000, 0x0000, 0x0000, 0x0000, 0x0000, 0x0000, 0x0000, 0x0000, 0x0000, 0x0000,
    0x0000, 0x0000, 0x0000, 0x0000, 0x0000, 0x0000, 0x0000, 0x0000, 0x0000, 0x0000, 0x0000, 0x0000,
    0x0000, 0x0000, 0x0000, 0x0000, 0x0000, 0x0000, 0x0000, 0x0000, 0x0000, 0x0000, 0x39C7, 0xF79E,
    0xF79E, 0xF79E, 0xF79E, 0xF79E, 0xF79E, 0xF79E, 0xF79E, 0xF79E, 0xF79E, 0xF79E, 0xF79E, 0xF79E,
    0xF79E, 0xF79E, 0xF79E, 0xF79E, 0xF79E, 0xF79E, 0xF79E, 0xF79E, 0xF79E, 0xF79E, 0xF79E, 0xF79E,
    0xF79E, 0xF79E, 0xF79E, 0xF79E, 0xF79E, 0xF79E, 0xF79E, 0xF79E, 0xF79E, 0xF79E, 0xF79E, 0xF79E,
    0xF79E, 0xF79E, 0xF79E, 0xF79E, 0xF79E, 0xF79E, 0x4208, 0x0000, 0x0000, 0x0000, 0x0000, 0x0000,
    0x0000, 0x0000, 0x0000, 0x0000, 0x0000, 0x0000, 0x0000, 0x0000, 0x0000, 0x0000, 0x0000, 0x0000,
    0x0000, 0x0000, 0x2124, 0xFFFF, 0xFFFF, 0xFFFF, 0xFFFF, 0xFFFF, 0xFFFF, 0xFFFF, 0xFFFF, 0xFFFF,
    0xFFFF, 0xFFFF, 0xFFFF, 0xFFFF, 0xFFFF, 0xFFFF, 0xFFFF, 0xFFFF, 0xFFFF, 0xFFFF, 0xFFFF, 0xFFFF,
    0xFFFF, 0xFFFF, 0xFFFF, 0xFFFF, 0xFFFF, 0xFFFF, 0xFFFF, 0xFFFF, 0xFFFF, 0xFFFF, 0xFFFF, 0xFFFF,
    0xFFFF, 0xFFFF, 0xFFFF, 0xFFFF, 0xFFFF, 0xFFFF, 0xFFFF, 0xFFFF, 0xFFFF, 0xFFFF, 0x39E7, 0x0000,
    0x0000, 0x0000, 0x0000, 0x0000, 0x0000, 0x0000, 0x0000, 0x0000, 0x0000, 0x0000, 0x0000, 0x0000,
    0x0000, 0x0000, 0x0000, 0x2945, 0x52AA, 0x630C, 0x6B6D, 0x8410, 0x8410, 0x8C51, 0x8C51, 0x8C51,
    0x8C51, 0x8C51, 0x8C71, 0x8C51, 0x8C51, 0x8C51, 0x8C51, 0x8C51, 0x8430, 0x8430, 0x8C50, 0x8C51,
    0x8C71, 0x8C51, 0x8C51, 0x8C51, 0x8C51, 0x8C51, 0x8C51, 0x8C51, 0x8C51, 0x8C51, 0x8C51, 0x8C51,
    0x8C51, 0x8C51, 0x8C51, 0x8C51, 0x8C51, 0x8430, 0x8430, 0x8C51, 0x8430, 0x8430, 0x8430, 0x8430,
    0x8C71, 0x8410, 0x5AEB, 0x39C7, 0x52AA, 0x10A2, 0x0000, 0x0000, 0x0000, 0x0000, 0x0000, 0x0000,
    0x0000, 0x0000, 0x0000, 0x0000, 0x0000, 0x0000, 0x0000, 0x5AEB, 0xFFFF, 0xFFFF, 0xEF7D, 0x0000,
    0x0000, 0x0000, 0x0000, 0x0000, 0x0000, 0x0000, 0x0000, 0x0000, 0x0000, 0x0000, 0x0000, 0x0000,
    0x0000, 0x0000, 0x0000, 0x0000, 0x0000, 0x0000, 0x0000, 0x0000, 0x0000, 0x0000, 0x0000, 0x0000,
    0x0000, 0x0000, 0x0000, 0x0000, 0x0000, 0x0000, 0x0000, 0x0000, 0x0000, 0x0000, 0x0000, 0x0000,
    0x0000, 0x0000, 0x0000, 0x0000, 0x0000, 0x0000, 0x9492, 0xFFFF, 0xFFFF, 0x31A6, 0x0000, 0x0000,
    0x0000, 0x0000, 0x0000, 0x0000, 0x0000, 0x0000, 0x0000, 0x0000, 0x0000, 0x2965, 0x2965, 0x6B6D,
    0xEF5D, 0xEF5D, 0xAD75, 0x0000, 0x0000, 0x0000, 0x0000, 0x0000, 0x0000, 0x0000, 0x0000, 0x0000,
    0x0000, 0x0000, 0x0000, 0x0000, 0x0000, 0x0000, 0x0000, 0x0000, 0x0000, 0x0000, 0x0000, 0x0000,
    0x0000, 0x0000, 0x0000, 0x0000, 0x0000, 0x0000, 0x0000, 0x0000, 0x0000, 0x0000, 0x0000, 0x0000,
    0x0000, 0x0000, 0x0000, 0x0000, 0x0000, 0x0000, 0x0000, 0x0000, 0x0000, 0x0000, 0x8410, 0xE73C,
    0xE71C, 0x5ACB, 0x2965, 0x2965, 0x0000, 0x0000, 0x0000, 0x0000, 0x0000, 0x0000, 0x0000, 0x0000,
    0x0000, 0xFFFF, 0xFFFF, 0x94B2, 0x0020, 0x0020, 0x0020, 0x0000, 0x0000, 0x0841, 0x10A2, 0x18C3,
    0x1082, 0x1082, 0x0861, 0x0000, 0x0000, 0x0000, 0x0000, 0x18C3, 0x2945, 0x1082, 0x0000, 0x0000,
    0x0000, 0x0000, 0x0000, 0x0000, 0x0000, 0x0000, 0x0000, 0x0000, 0x0000, 0x0000, 0x0000, 0x0000,
    0x0000, 0x0000, 0x0000, 0x0000, 0x0000, 0x0000, 0x0000, 0x0000, 0x0000, 0x0000, 0x0000, 0x0000,
    0x0000, 0x0000, 0x0000, 0x0000, 0x0000, 0xD69A, 0xFFFF, 0xFFFF, 0x0000, 0x0000, 0x0000, 0x0000,
    0x0000, 0x0000, 0x0000, 0x0000, 0x0000, 0xFFDF, 0xFFFF, 0x8C71, 0x0000, 0x0000, 0x0000, 0x0000,
    0x0000, 0xEF7D, 0xFFFF, 0xFFFF, 0xFFFF, 0xFFFF, 0xFFFF, 0x0020, 0x0000, 0x0000, 0x0000, 0xBDD7,
    0xFFFF, 0xA534, 0x0000, 0x0000, 0x0000, 0x0000, 0x0000, 0x0000, 0x0000, 0x0000, 0x0000, 0x0000,
    0x0000, 0x0000, 0x0000, 0x0000, 0x0000, 0x0000, 0x0000, 0x0000, 0x0000, 0x0000, 0x0000, 0x0020,
    0x2945, 0x2965, 0x0841, 0x0000, 0x0000, 0x0000, 0x0000, 0x0000, 0x0000, 0xCE79, 0xFFFF, 0xFFDF,
    0x0000, 0x0000, 0x0000, 0x0000, 0x0000, 0x0000, 0x0000, 0x0000, 0x0000, 0xF79E, 0xFFFF, 0x9CD3,
    0x0000, 0x0000, 0x0000, 0x0020, 0x10A2, 0xFFFF, 0xFFFF, 0xFFFF, 0xFFFF, 0xFFFF, 0xFFFF, 0x39E7,
    0x18C3, 0x0020, 0x0000, 0xC618, 0xFFFF, 0xAD55, 0x0000, 0x0000, 0x0000, 0x0000, 0x0000, 0x0000,
    0x0000, 0x0000, 0x0000, 0x0000, 0x0000, 0x0000, 0x0000, 0x0000, 0x0000, 0x0000, 0x0000, 0x0000,
    0x0000, 0x0000, 0x0000, 0x4A49, 0xFFFF, 0xFFFF, 0x4A49, 0x0000, 0x0000, 0x0000, 0x0000, 0x0000,
    0x0000, 0xCE59, 0xFFFF, 0xF79E, 0x0000, 0x0000, 0x0000, 0x0000, 0x0000, 0x0000, 0x0000, 0x0000,
    0x0000, 0xF79E, 0xFFFF, 0x9CF3, 0x0000, 0x0000, 0x39C7, 0xF79E, 0xEF5D, 0x8C71, 0x4208, 0x39E7,
    0x3186, 0x31A6, 0x8410, 0xFFFF, 0xFFFF, 0x31A6, 0x0000, 0xBDD7, 0xFFFF, 0x9492, 0x0000, 0x0000,
    0x0000, 0x0000, 0x0000, 0x0000, 0x0000, 0x0000, 0x0000, 0x0000, 0x0000, 0x0000, 0x0000, 0x0000,
    0x0000, 0x0000, 0x0000, 0x0000, 0x0000, 0x0000, 0x0000, 0x3186, 0xFFFF, 0xFFFF, 0x2965, 0x0000,
    0x0000, 0x0000, 0x0000, 0x0000, 0x0000, 0xCE79, 0xFFFF, 0xF79E, 0x0000, 0x0000, 0x0000, 0x0000,
    0x0000, 0x0000, 0x0000, 0x0000, 0x0000, 0xF79E, 0xFFFF, 0x9CD3, 0x0000, 0x0000, 0x39E7, 0xFFFF,
    0xFFFF, 0x4A49, 0x0000, 0x0000, 0x0000, 0x0000, 0x39C7, 0xFFFF, 0xFFFF, 0x4208, 0x0000, 0xBDD6,
    0xFFFF, 0xE71C, 0x8C51, 0x8C71, 0x9492, 0x94B2, 0x4228, 0x0000, 0x0000, 0x0000, 0x0000, 0x0000,
    0x39E7, 0x94B2, 0x94B2, 0x94B2, 0x8C71, 0x6B6D, 0x0000, 0x0000, 0x0000, 0x31A6, 0x7BEF, 0xAD75,
    0xFFFF, 0xFFFF, 0xA534, 0x8410, 0x8430, 0x0000, 0x0000, 0x0000, 0x0000, 0xCE79, 0xFFFF, 0xF79E,
    0x0000, 0x0000, 0x0000, 0x0000, 0x0000, 0x0000, 0x0000, 0x0000, 0x0000, 0xF79E, 0xFFFF, 0xA514,
    0x0000, 0x0000, 0x2945, 0xFFFF, 0xFFFF, 0x630C, 0x0000, 0x0000, 0x0000, 0x0000, 0x1082, 0x39E7,
    0x39E7, 0x0861, 0x0000, 0xB5B6, 0xFFFF, 0xFFFF, 0xFFFF, 0xFFFF, 0xFFFF, 0xFFFF, 0x9CD3, 0x0000,
    0x0000, 0x0000, 0x0000, 0x0000, 0x8C71, 0xFFFF, 0xFFFF, 0xFFFF, 0xFFFF, 0xFFFF, 0x0000, 0x0000,
    0x0000, 0xA534, 0xFFFF, 0xFFFF, 0xFFFF, 0xFFFF, 0xFFFF, 0xFFFF, 0xFFFF, 0x0020, 0x0000, 0x0000,
    0x0000, 0xCE79, 0xFFFF, 0xF79E, 0x0000, 0x0000, 0x0000, 0x0000, 0x0000, 0x0000, 0x0000, 0x0000,
    0x0000, 0xF79E, 0xFFFF, 0xA514, 0x0000, 0x0000, 0x2965, 0xFFFF, 0xFFFF, 0x5ACB, 0x0000, 0x0000,
    0x0000, 0x0000, 0x0000, 0x0000, 0x0000, 0x0000, 0x0000, 0xB5B6, 0xFFFF, 0xDEFB, 0x630C, 0x738E,
    0x9CF3, 0x7BCF, 0xCE59, 0xD69A, 0x8410, 0x0000, 0x2965, 0xCE59, 0xDEDB, 0x738E, 0x52AA, 0x9492,
    0x9CF3, 0xC638, 0xCE79, 0x8C71, 0x0000, 0x39C7, 0x738E, 0x8430, 0xFFFF, 0xFFFF, 0xBDD7, 0x9CF3,
    0x9492, 0x0020, 0x0000, 0x0000, 0x0000, 0xCE79, 0xFFFF, 0xF79E, 0x0000, 0x0000, 0x0000, 0x0000,
    0x0000, 0x0000, 0x0000, 0x0000, 0x0000, 0xF79E, 0xFFFF, 0x94B2, 0x0000, 0x0000, 0x39C7, 0xFFFF,
    0xFFFF, 0x3186, 0x0000, 0x0000, 0x0000, 0x0000, 0x0000, 0x0000, 0x0000, 0x0000, 0x0000, 0xB596,
    0xFFFF, 0xA534, 0x0000, 0x0000, 0x0000, 0x0000, 0xB596, 0xFFFF, 0xB596, 0x0000, 0x39E7, 0xFFFF,
    0xFFFF, 0x0000, 0x0000, 0x0000, 0x0000, 0x6B6D, 0xFFFF, 0xF79E, 0x0000, 0x0000, 0x0000, 0x18C3,
    0xFFFF, 0xFFFF, 0x2124, 0x0000, 0x0000, 0x0000, 0x0000, 0x0000, 0x0000, 0xCE79, 0xFFFF, 0xF79E,
    0x0000, 0x0000, 0x0000, 0x0000, 0x0000, 0x0000, 0x0000, 0x0000, 0x0000, 0xF79E, 0xFFFF, 0x9492,
    0x0000, 0x0000, 0x39C7, 0xFFFF, 0xFFFF, 0x2965, 0x0000, 0x0000, 0x0000, 0x0000, 0x0000, 0x0000,
    0x0000, 0x0000, 0x0000, 0xAD75, 0xFFFF, 0x9CF3, 0x0000, 0x0000, 0x0000, 0x0000, 0xC618, 0xFFFF,
    0x9CF3, 0x0000, 0x39C7, 0xFFFF, 0xF7BE, 0x1082, 0x0000, 0x0000, 0x0000, 0x7BCF, 0xFFFF, 0xCE79,
    0x0000, 0x0000, 0x0000, 0x4208, 0xFFFF, 0xFFFF, 0x31A6, 0x0000, 0x0000, 0x0000, 0x0000, 0x0000,
    0x0000, 0xCE79, 0xFFFF, 0xF79E, 0x0000, 0x0000, 0x0000, 0x0000, 0x0000, 0x0000, 0x0000, 0x0000,
    0x0000, 0xF79E, 0xFFFF, 0x9CF3, 0x0000, 0x0000, 0x39E7, 0xFFFF, 0xFFFF, 0x2104, 0x0000, 0x0000,
    0x0000, 0x0000, 0x2104, 0x94B2, 0xAD55, 0x31A6, 0x0000, 0xAD55, 0xFFFF, 0x94B2, 0x0000, 0x0000,
    0x0000, 0x0000, 0xC618, 0xFFFF, 0x9CF3, 0x0000, 0x4208, 0xFFFF, 0xF7BE, 0x0020, 0x0000, 0x0000,
    0x0000, 0x738E, 0xFFFF, 0xCE79, 0x0000, 0x0000, 0x0000, 0x39C7, 0xFFFF, 0xFFFF, 0x2945, 0x0000,
    0x0000, 0x0000, 0x0000, 0x0000, 0x0000, 0xCE79, 0xFFFF, 0xF79E, 0x0000, 0x0000, 0x0000, 0x0000,
    0x0000, 0x0000, 0x0000, 0x0000, 0x0000, 0xF79E, 0xFFFF, 0xA534, 0x0000, 0x0000, 0x4228, 0xFFFF,
    0xFFFF, 0x31A6, 0x0000, 0x0000, 0x0000, 0x0000, 0x39C7, 0xFFFF, 0xFFFF, 0x52AA, 0x0000, 0xB596,
    0xFFFF, 0x9CD3, 0x0000, 0x0000, 0x0000, 0x0000, 0xC618, 0xFFFF, 0x9CF3, 0x0000, 0x52AA, 0xFFFF,
    0xFFFF, 0x1082, 0x0000, 0x0000, 0x0000, 0x738E, 0xFFFF, 0xD69A, 0x0000, 0x0000, 0x0000, 0x4A49,
    0xFFFF, 0xFFFF, 0x39C7, 0x0000, 0x0000, 0x0000, 0x0000, 0x0000, 0x0000, 0xCE79, 0xFFFF, 0xF79E,
    0x0000, 0x0000, 0x0000, 0x0000, 0x0000, 0x0000, 0x0000, 0x0000, 0x0000, 0xF79E, 0xFFFF, 0xA514,
    0x0000, 0x0000, 0x2104, 0x8C71, 0x8410, 0xC638, 0xD6BA, 0xCE59, 0xBDF7, 0xB5B6, 0xCE79, 0x8C71,
    0x73AE, 0x18C3, 0x0000, 0xBDD7, 0xFFFF, 0x9CD3, 0x0000, 0x0000, 0x0000, 0x0000, 0xBDD7, 0xFFFF,
    0x9CF3, 0x0000, 0x2965, 0x8C71, 0xB596, 0xDEFB, 0xDEFB, 0xDEFB, 0xDEFB, 0xEF7D, 0xFFFF, 0xCE79,
    0x0000, 0x0000, 0x0000, 0x2104, 0x7BCF, 0x94B2, 0xE73C, 0xDEFB, 0xCE59, 0x0861, 0x0000, 0x0000,
    0x0000, 0xCE79, 0xFFFF, 0xF79E, 0x0000, 0x0000, 0x0000, 0x0000, 0x0000, 0x0000, 0x0000, 0x0000,
    0x0000, 0xF79E, 0xFFFF, 0xA534, 0x0000, 0x0000, 0x0000, 0x0000, 0x0000, 0xFFFF, 0xFFFF, 0xFFFF,
    0xFFFF, 0xFFFF, 0xFFFF, 0x0861, 0x0000, 0x0000, 0x0000, 0xDEFB, 0xFFFF, 0xB596, 0x0000, 0x0000,
    0x0000, 0x0000, 0xF79E, 0xFFFF, 0xBDD7, 0x0000, 0x0000, 0x0000, 0x4A49, 0xFFFF, 0xFFFF, 0xFFFF,
    0xFFFF, 0xFFFF, 0xFFFF, 0xF79E, 0x0000, 0x0000, 0x0000, 0x0000, 0x0000, 0x18C3, 0xFFFF, 0xFFFF,
    0xFFFF, 0x18C3, 0x0000, 0x0000, 0x0000, 0xCE79, 0xFFFF, 0xF79E, 0x0000, 0x0000, 0x0000, 0x0000,
    0x0000, 0x0000, 0x0000, 0x0000, 0x0000, 0xF79E, 0xFFFF, 0xAD55, 0x0000, 0x0000, 0x0000, 0x0000,
    0x0000, 0x738E, 0x6B4D, 0x5ACA, 0x52AA, 0x632C, 0x73AE, 0x10A2, 0x0000, 0x0000, 0x0000, 0x52AA,
    0x8430, 0x4A49, 0x0000, 0x0000, 0x0000, 0x0000, 0x6B6D, 0x738E, 0x39E7, 0x0000, 0x0000, 0x0000,
    0x18E3, 0x7BEF, 0x73AE, 0x738E, 0x6B6D, 0x6B4D, 0x738E, 0x630C, 0x0000, 0x0000, 0x0000, 0x0000,
    0x0000, 0x18C3, 0x7BCF, 0x6B6D, 0x738E, 0x0841, 0x0000, 0x0000, 0x0000, 0xCE79, 0xFFFF, 0xF79E,
    0x0000, 0x0000, 0x0000, 0x0000, 0x0000, 0x0000, 0x0000, 0x0000, 0x0000, 0xF79E, 0xFFFF, 0xA514,
    0x0000, 0x0000, 0x0000, 0x0000, 0x0000, 0x0000, 0x0000, 0x0000, 0x0000, 0x0000, 0x0000, 0x0000,
    0x0000, 0x0000, 0x0000, 0x0000, 0x0000, 0x0000, 0x0000, 0x0000, 0x0000, 0x0000, 0x0000, 0x0000,
    0x0000, 0x0000, 0x0000, 0x0000, 0x0000, 0x0000, 0x0000, 0x0000, 0x0000, 0x0000, 0x0000, 0x0000,
    0x0000, 0x0000, 0x0000, 0x0000, 0x0000, 0x0000, 0x0000, 0x0000, 0x0000, 0x0000, 0x0000, 0x0000,
    0x0000, 0xCE79, 0xFFFF, 0xF79E, 0x0000, 0x0000, 0x0000, 0x0000, 0x0000, 0x0000, 0x0000, 0x0000,
    0x0000, 0xF79E, 0xFFFF, 0x9CF3, 0x0000, 0x0000, 0x0020, 0x2104, 0x2104, 0x2104, 0x2104, 0x2104,
    0x2104, 0x2104, 0x10A2, 0x0000, 0x0000, 0x0000, 0x0841, 0x3186, 0x2124, 0x18E3, 0x0000, 0x0000,
    0x0000, 0x0000, 0x0000, 0x0000, 0x0000, 0x0000, 0x0000, 0x0000, 0x0000, 0x0000, 0x0000, 0x0000,
    0x0000, 0x0000, 0x0000, 0x0000, 0x0000, 0x0000, 0x0000, 0x0000, 0x0000, 0x0020, 0x4208, 0x4228,
    0x1082, 0x0000, 0x0000, 0x0000, 0x0000, 0xCE59, 0xFFFF, 0xF79E, 0x0000, 0x0000, 0x0000, 0x0000,
    0x0000, 0x0000, 0x0000, 0x0000, 0x0000, 0xF79E, 0xFFFF, 0x9CF3, 0x0000, 0x0000, 0x31A6, 0xFFFF,
    0xFFFF, 0xFFFF, 0xFFFF, 0xFFFF, 0xFFFF, 0xFFFF, 0x8C71, 0x0000, 0x0000, 0x0000, 0x3186, 0xFFFF,
    0xFFFF, 0x630C, 0x0000, 0x0000, 0x0000, 0x0000, 0x0000, 0x0000, 0x0000, 0x0000, 0x0000, 0x0000,
    0x0000, 0x0000, 0x0000, 0x0000, 0x0000, 0x0000, 0x0000, 0x0000, 0x0000, 0x0000, 0x0000, 0x0000,
    0x0000, 0x2124, 0xFFFF, 0xFFFF, 0x3186, 0x0000, 0x0000, 0x0000, 0x0000, 0xCE59, 0xFFFF, 0xF79E,
    0x0000, 0x0000, 0x0000, 0x0000, 0x0000, 0x0000, 0x0000, 0x0000, 0x0000, 0xF79E, 0xFFFF, 0x9CF3,
    0x0000, 0x0000, 0x2965, 0xFFFF, 0xFFFF, 0xFFFF, 0xFFFF, 0xFFFF, 0xFFFF, 0xFFFF, 0xBDD7, 0x2124,
    0x18C3, 0x0000, 0x18C3, 0xD6BA, 0xBDD7, 0x31A6, 0x0000, 0x0000, 0x0000, 0x0000, 0x0000, 0x0000,
    0x0000, 0x0000, 0x0000, 0x0000, 0x0000, 0x0000, 0x0000, 0x0000, 0x0000, 0x0000, 0x0000, 0x0000,
    0x0000, 0x0000, 0x0000, 0x0000, 0x0000, 0x2945, 0xFFFF, 0xFFFF, 0x2945, 0x0000, 0x0000, 0x0000,
    0x0000, 0xCE79, 0xFFFF, 0xF79E, 0x0000, 0x0000, 0x0000, 0x0000, 0x0000, 0x0000, 0x0000, 0x0000,
    0x0000, 0xF79E, 0xFFFF, 0x9CD3, 0x0000, 0x0000, 0x31A6, 0xFFFF, 0xFFFF, 0x8C51, 0x4208, 0x4208,
    0x2124, 0x1082, 0xAD75, 0xFFFF, 0xDEFB, 0x0000, 0x0000, 0x0000, 0x0000, 0x0000, 0x0000, 0x0000,
    0x0000, 0x0000, 0x0000, 0x0000, 0x0000, 0x0000, 0x0000, 0x0000, 0x0000, 0x0000, 0x0000, 0x0000,
    0x0000, 0x0000, 0x0000, 0x0000, 0x0000, 0x0000, 0x0000, 0x0000, 0x0000, 0x4A49, 0xFFFF, 0xFFFF,
    0x2965, 0x0000, 0x0000, 0x0000, 0x0000, 0xCE79, 0xFFFF, 0xF79E, 0x0000, 0x0000, 0x0000, 0x0000,
    0x0000, 0x0000, 0x0000, 0x0000, 0x0000, 0xF79E, 0xFFFF, 0x9CD3, 0x0000, 0x0000, 0x39E7, 0xFFFF,
    0xFFFF, 0x39C7, 0x0000, 0x0000, 0x0000, 0x0000, 0x73AE, 0xFFFF, 0xD6BA, 0x0000, 0x0841, 0x8C51,
    0xB596, 0x39E7, 0x0000, 0x738E, 0xAD75, 0x5AEB, 0x0000, 0x0000, 0x0000, 0x0000, 0x0000, 0x7BEF,
    0xB5B6, 0x52AA, 0x0000, 0x0000, 0x0000, 0xAD55, 0xBDF7, 0x9CF3, 0x9CF3, 0x6B4D, 0x0000, 0x0000,
    0x0000, 0x4A49, 0xFFFF, 0xFFFF, 0x2965, 0x0000, 0x0000, 0x0000, 0x0000, 0xCE59, 0xFFFF, 0xF79E,
    0x0000, 0x0000, 0x0000, 0x0000, 0x0000, 0x0000, 0x0000, 0x0000, 0x0000, 0xF79E, 0xFFFF, 0xA514,
    0x0000, 0x0000, 0x39C7, 0xFFFF, 0xFFFF, 0x2945, 0x0000, 0x0000, 0x0000, 0x0000, 0x7BCF, 0xFFFF,
    0xB596, 0x0000, 0x0020, 0xFFFF, 0xFFFF, 0x738E, 0x0000, 0xDEFB, 0xFFFF, 0xD6BA, 0x0861, 0x0020,
    0x0000, 0x0020, 0x0841, 0xFFFF, 0xFFFF, 0xA514, 0x0000, 0x0000, 0x0861, 0xFFFF, 0xFFFF, 0xFFFF,
    0xFFFF, 0xE71C, 0x0861, 0x0841, 0x0000, 0x4A49, 0xFFFF, 0xFFFF, 0x2965, 0x0000, 0x0000, 0x0000,
    0x0000, 0xC638, 0xFFFF, 0xF79E, 0x0000, 0x0000, 0x0000, 0x0000, 0x0000, 0x0000, 0x0000, 0x0000,
    0x0000, 0xF79E, 0xFFFF, 0xA514, 0x0000, 0x0000, 0x39C7, 0xFFFF, 0xFFFF, 0x2945, 0x0000, 0x0000,
    0x0000, 0x0000, 0x6B6D, 0xFFFF, 0xC618, 0x0000, 0x0020, 0xFFFF, 0xFFFF, 0x630C, 0x0000, 0x2124,
    0x4228, 0xD69A, 0xF79E, 0x7BCF, 0x0000, 0x9CD3, 0xFFFF, 0xAD75, 0x4228, 0x2124, 0x0020, 0xD6BA,
    0xF79E, 0x7BEF, 0x2104, 0x18E3, 0x18E3, 0x9CD3, 0xF7BE, 0x9CD3, 0x0000, 0x4208, 0xFFFF, 0xFFFF,
    0x3186, 0x0000, 0x0000, 0x0000, 0x0000, 0xC638, 0xFFFF, 0xF79E, 0x0000, 0x0000, 0x0000, 0x0000,
    0x0000, 0x0000, 0x0000, 0x0000, 0x0000, 0xF79E, 0xFFFF, 0x9CF3, 0x0000, 0x0000, 0x39C7, 0xFFFF,
    0xFFFF, 0xB596, 0x94B2, 0x8C51, 0x8C51, 0x94B2, 0xC638, 0xCE59, 0x9492, 0x0000, 0x0861, 0xFFFF,
    0xFFFF, 0x6B4D, 0x0000, 0x0000, 0x0000, 0xBDD7, 0xFFFF, 0xBDD7, 0x4228, 0xE71C, 0xFFDF, 0x738E,
    0x0000, 0x0000, 0x0861, 0xFFFF, 0xFFFF, 0x632C, 0x0000, 0x0000, 0x0000, 0x8C51, 0xFFFF, 0xC618,
    0x0000, 0x2104, 0xFFFF, 0xFFFF, 0x2965, 0x0000, 0x0000, 0x0000, 0x0000, 0xC638, 0xFFFF, 0xF79E,
    0x0000, 0x0000, 0x0000, 0x0000, 0x0000, 0x0000, 0x0000, 0x0000, 0x0000, 0xF79E, 0xFFFF, 0xA514,
    0x0000, 0x0000, 0x31A6, 0xFFFF, 0xFFFF, 0xFFFF, 0xFFFF, 0xFFFF, 0xFFFF, 0xFFFF, 0xBDD7, 0x0000,
    0x0000, 0x0000, 0x0841, 0xFFFF, 0xFFFF, 0x632C, 0x0000, 0x0000, 0x0000, 0x0000, 0x0000, 0xD69A,
    0xFFFF, 0x8430, 0x0000, 0x0000, 0x0000, 0x0000, 0x0841, 0xF79E, 0xFFFF, 0xFFFF, 0xFFFF, 0xFFFF,
    0xFFFF, 0xFFFF, 0xFFFF, 0xCE59, 0x0000, 0x2104, 0xFFFF, 0xFFFF, 0x2965, 0x0000, 0x0000, 0x0000,
    0x0000, 0xCE59, 0xFFFF, 0xF79E, 0x0000, 0x0000, 0x0000, 0x0000, 0x0000, 0x0000, 0x0000, 0x0000,
    0x0000, 0xF79E, 0xFFFF, 0xA514, 0x0000, 0x0000, 0x2965, 0xFFFF, 0xFFFF, 0xDEDB, 0xC638, 0xC618,
    0xBDF7, 0xBDD7, 0x630C, 0x0000, 0x0000, 0x0000, 0x10A2, 0xFFFF, 0xFFFF, 0x632C, 0x0000, 0x0000,
    0x0000, 0x1082, 0x2104, 0xD69A, 0xFFFF, 0x9CD3, 0x4228, 0x10A2, 0x0000, 0x0000, 0x0861, 0xF79E,
    0xFFFF, 0xEF5D, 0xDEDB, 0xCE59, 0xC638, 0xBDF7, 0xAD55, 0x5ACB, 0x0000, 0x4208, 0xFFFF, 0xFFFF,
    0x3186, 0x0000, 0x0000, 0x0000, 0x0000, 0xC638, 0xFFFF, 0xF79E, 0x0000, 0x0000, 0x0000, 0x0000,
    0x0000, 0x0000, 0x0000, 0x0000, 0x0000, 0xF79E, 0xFFFF, 0xA534, 0x0000, 0x0000, 0x2965, 0xFFFF,
    0xFFFF, 0x39E7, 0x0000, 0x0000, 0x0000, 0x0000, 0x0000, 0x0000, 0x0000, 0x0000, 0x1082, 0xFFFF,
    0xFFFF, 0x630B, 0x0000, 0x0000, 0x0000, 0xC638, 0xFFFF, 0xAD55, 0x18C3, 0xF79E, 0xFFFF, 0x6B4D,
    0x0000, 0x0000, 0x0861, 0xFFFF, 0xFFFF, 0x52AA, 0x0000, 0x0000, 0x0000, 0x0000, 0x0000, 0x0000,
    0x0000, 0x52AA, 0xFFFF, 0xFFFF, 0x1082, 0x0000, 0x0000, 0x0000, 0x0000, 0xC638, 0xFFFF, 0xF79E,
    0x0000, 0x0000, 0x0000, 0x0000, 0x0000, 0x0000, 0x0000, 0x0000, 0x0000, 0xF79E, 0xFFFF, 0xA514,
    0x0000, 0x0000, 0x2965, 0xFFFF, 0xFFFF, 0x39E7, 0x0000, 0x0000, 0x0000, 0x0000, 0x0000, 0x0000,
    0x0000, 0x0000, 0x0861, 0xFFFF, 0xFFFF, 0x52AA, 0x0000, 0x39E7, 0x8410, 0xBDF7, 0x8C51, 0x4A69,
    0x0000, 0x630C, 0xA514, 0xD69A, 0xAD55, 0x18E3, 0x0000, 0xB5B6, 0xC618, 0xBDF7, 0xA534, 0xA514,
    0x9CD3, 0xA534, 0xA534, 0x632C, 0x0000, 0x31A6, 0x8C51, 0xB5B6, 0x9492, 0x7BEF, 0x0861, 0x0000,
    0x0000, 0xCE59, 0xFFFF, 0xF79E, 0x0000, 0x0000, 0x0000, 0x0000, 0x0000, 0x0000, 0x0000, 0x0000,
    0x0000, 0xF79E, 0xFFFF, 0x9CF3, 0x0000, 0x0000, 0x31A6, 0xFFFF, 0xFFFF, 0x52AA, 0x0000, 0x0000,
    0x0000, 0x0000, 0x0000, 0x0000, 0x0000, 0x0000, 0x1082, 0xFFFF, 0xFFFF, 0x6B4D, 0x0000, 0xE73C,
    0xFFFF, 0xC618, 0x0000, 0x0000, 0x0000, 0x0000, 0x0000, 0xFFFF, 0xFFFF, 0x8410, 0x0000, 0x0000,
    0x0000, 0xDEDB, 0xFFFF, 0xFFFF, 0xFFFF, 0xFFFF, 0xFFFF, 0xEF7D, 0x0000, 0x0000, 0x0000, 0x2104,
    0xFFFF, 0xFFFF, 0x2945, 0x0000, 0x0000, 0xC638, 0xFFFF, 0xF79E, 0x0000, 0x0000, 0x0000, 0x0000,
    0x0000, 0x0000, 0x0000, 0x0000, 0x0000, 0xFFFF, 0xFFFF, 0x9CD3, 0x0000, 0x0000, 0x0861, 0x9CF3,
    0x9CF3, 0x2104, 0x0000, 0x0000, 0x0000, 0x0000, 0x0000, 0x0000, 0x0000, 0x0000, 0x0020, 0x9CF3,
    0x94B2, 0x39E7, 0x0000, 0x528A, 0x8C51, 0x4208, 0x0000, 0x0000, 0x0000, 0x0000, 0x0000, 0x73AE,
    0x8C51, 0x4208, 0x0000, 0x0000, 0x0000, 0x73AE, 0x9CD3, 0x94B2, 0x9CD3, 0x9CF3, 0x9CF3, 0x6B4D,
    0x0000, 0x0000, 0x0000, 0x1082, 0x9CF3, 0x94B2, 0x0000, 0x0000, 0x0000, 0xCE59, 0xFFFF, 0xFFFF,
    0x0000, 0x0000, 0x0000, 0x0000, 0x0000, 0x0000, 0x0000, 0x0000, 0x0000, 0xEF5D, 0xF7BE, 0x94B2,
    0x1082, 0x18C3, 0x0841, 0x0000, 0x0000, 0x0000, 0x0000, 0x0000, 0x0000, 0x0000, 0x0000, 0x0000,
    0x0000, 0x0000, 0x0000, 0x0000, 0x0000, 0x0000, 0x0000, 0x0000, 0x0000, 0x0000, 0x0000, 0x0000,
    0x0000, 0x0000, 0x0000, 0x0000, 0x0000, 0x0000, 0x0000, 0x0000, 0x0000, 0x0000, 0x0000, 0x0000,
    0x0000, 0x0000, 0x0000, 0x0000, 0x0000, 0x0000, 0x0000, 0x0000, 0x0000, 0x0000, 0x0861, 0x2104,
    0x18C3, 0xBDF7, 0xF7BE, 0xEF5D, 0x0000, 0x0000, 0x0000, 0x0000, 0x0000, 0x0000, 0x0000, 0x0000,
    0x0000, 0x1082, 0x1082, 0x528A, 0xFFFF, 0xFFFF, 0xBDF7, 0x0000, 0x0000, 0x0000, 0x0000, 0x0000,
    0x0000, 0x0000, 0x0000, 0x0000, 0x0000, 0x0000, 0x0000, 0x0000, 0x0000, 0x0000, 0x0000, 0x0000,
    0x0000, 0x0000, 0x0000, 0x0000, 0x0000, 0x0000, 0x0000, 0x0000, 0x0000, 0x0000, 0x0000, 0x0000,
    0x0000, 0x0000, 0x0000, 0x0000, 0x0000, 0x0000, 0x0000, 0x0000, 0x0000, 0x0000, 0x0000, 0x0000,
    0x0000, 0x0000, 0xB5B6, 0xFFFF, 0xFFFF, 0x4A49, 0x10A2, 0x1082, 0x0000, 0x0000, 0x0000, 0x0000,
    0x0000, 0x0000, 0x0000, 0x0000, 0x0000, 0x0000, 0x0000, 0x4208, 0xFFFF, 0xFFFF, 0xDEDB, 0x0000,
    0x0000, 0x0000, 0x0000, 0x0000, 0x0000, 0x0000, 0x0000, 0x0000, 0x0000, 0x0000, 0x0000, 0x0000,
    0x0000, 0x0000, 0x0000, 0x0000, 0x0000, 0x0000, 0x0000, 0x0000, 0x0000, 0x0000, 0x0000, 0x0000,
    0x0000, 0x0000, 0x0000, 0x0000, 0x0000, 0x0000, 0x0000, 0x0000, 0x0000, 0x0000, 0x0000, 0x0000,
    0x0000, 0x0000, 0x0000, 0x0000, 0x0000, 0x0000, 0xCE79, 0xFFFF, 0xFFFF, 0x31A6, 0x0000, 0x0000,
    0x0000, 0x0000, 0x0000, 0x0000, 0x0000, 0x0000, 0x0000, 0x0000, 0x0000, 0x0000, 0x0000, 0x18C3,
    0x630C, 0x5AEB, 0x738E, 0xB596, 0xB596, 0xAD75, 0xAD55, 0xAD55, 0xAD55, 0xAD75, 0xAD55, 0xA534,
    0xA534, 0xAD55, 0xAD55, 0xAD55, 0xAD55, 0xAD75, 0xAD75, 0xA534, 0xAD55, 0xB596, 0xB596, 0xB596,
    0xAD75, 0xAD75, 0xAD55, 0xB5B6, 0x39E7, 0x0000, 0x0000, 0x0000, 0x0000, 0x0000, 0x0000, 0x0000,
    0x0000, 0x0861, 0xB5B6, 0xB596, 0xB596, 0xB596, 0xB596, 0x94B2, 0x8C51, 0xB596, 0x632C, 0x52AA,
    0x4A69, 0x1082, 0x0000, 0x0000, 0x0000, 0x0000, 0x0000, 0x0000, 0x0000, 0x0000, 0x0000, 0x0000,
    0x0000, 0x0000, 0x0000, 0x0000, 0x0000, 0x0000, 0x2965, 0xFFFF, 0xFFFF, 0xFFFF, 0xFFFF, 0xFFFF,
    0xFFFF, 0xFFFF, 0xFFFF, 0xFFFF, 0xFFFF, 0xFFFF, 0xFFFF, 0xFFFF, 0xFFFF, 0xFFFF, 0xFFFF, 0xFFFF,
    0xFFFF, 0xFFFF, 0xFFFF, 0xFFFF, 0xFFFF, 0xFFFF, 0xFFFF, 0xFFFF, 0x6B6D, 0x0000, 0x0000, 0x0000,
    0x0000, 0x0000, 0x0000, 0x0000, 0x0000, 0x10A2, 0xFFFF, 0xFFFF, 0xFFFF, 0xFFFF, 0xFFFF, 0xFFFF,
    0xFFFF, 0xFFFF, 0x18E3, 0x0000, 0x0000, 0x0000, 0x0000, 0x0000, 0x0000, 0x0000, 0x0000, 0x0000,
    0x0000, 0x0000, 0x0000, 0x0000, 0x0000, 0x0000, 0x0000, 0x0000, 0x0000, 0x0000, 0x18E3, 0x9492,
    0x9492, 0x9492, 0x9491, 0x8C71, 0x8C71, 0x94B2, 0x94B2, 0x9492, 0x9492, 0x9492, 0x8C71, 0x8C71,
    0x9492, 0x9492, 0x9492, 0x9492, 0x8C91, 0x9492, 0x9492, 0x94B2, 0x8C71, 0x9CD2, 0xFFFF, 0xFFFF,
    0x528A, 0x0000, 0x0000, 0x0000, 0x0000, 0x0000, 0x0000, 0x3186, 0x7BEF, 0x8430, 0x9CD3, 0x9CD3,
    0x9CD3, 0x9CD3, 0x9CD3, 0x9CD3, 0x9CF3, 0x9CF3, 0x10A2, 0x0000, 0x0000, 0x0000, 0x0000, 0x0000,
    0x0000, 0x0000, 0x0000, 0x0000, 0x0000, 0x0000, 0x0000, 0x0000, 0x0000, 0x0000, 0x0000, 0x0000,
    0x0000, 0x0000, 0x0000, 0x0000, 0x0000, 0x0000, 0x0000, 0x0000, 0x0000, 0x0000, 0x0000, 0x0000,
    0x0000, 0x0000, 0x0000, 0x0000, 0x0000, 0x0000, 0x0000, 0x0000, 0x0000, 0x0000, 0x0000, 0x0000,
    0x0000, 0x0000, 0xFFFF, 0xFFFF, 0x4228, 0x0000, 0x0000, 0x0000, 0x0000, 0x0000, 0x0000, 0x94B2,
    0xFFFF, 0xFFFF, 0x0000, 0x0000, 0x0000, 0x0000, 0x0000, 0x0000, 0x0000, 0x0000, 0x0000, 0x0000,
    0x0000, 0x0000, 0x0000, 0x0000, 0x0000, 0x0000, 0x0000, 0x0000, 0x0000, 0x0000, 0x0000, 0x0000,
    0x0000, 0x0000, 0x0000, 0x0000, 0x0000, 0x0000, 0x0000, 0x0000, 0x0000, 0x0000, 0x0000, 0x0000,
    0x0000, 0x0000, 0x0000, 0x0000, 0x0000, 0x0000, 0x0000, 0x0000, 0x0000, 0x0000, 0x0000, 0x0000,
    0x0000, 0x0000, 0x0000, 0x0000, 0x0000, 0x18C3, 0xFFFF, 0xFFFF, 0x4228, 0x0000, 0x0000, 0x0000,
    0x0000, 0x18E3, 0x2965, 0x8410, 0xAD55, 0xAD75, 0x0000, 0x0000, 0x0000, 0x0000, 0x0000, 0x0000,
    0x0000, 0x0000, 0x0000, 0x0000, 0x0000, 0x0000, 0x0000, 0x0000, 0x0000, 0x0000, 0x0000, 0x0000,
    0x0000, 0x0000, 0x0000, 0x0000, 0x0000, 0x0000, 0x0000, 0x0000, 0x0000, 0x0000, 0x0000, 0x0000,
    0x0000, 0x0000, 0x0000, 0x0000, 0x0000, 0x0000, 0x0000, 0x0000, 0x0000, 0x0000, 0x0000, 0x0000,
    0x0000, 0x0000, 0x0000, 0x0000, 0x0000, 0x0000, 0x0000, 0x0000, 0x0000, 0x18C3, 0xFFFF, 0xFFFF,
    0x4228, 0x0000, 0x0000, 0x0000, 0x0000, 0xE73C, 0xFFFF, 0x73AE, 0x0000, 0x0000, 0x0000, 0x0000,
    0x0000, 0x0000, 0x0000, 0x0000, 0x0000, 0x0000, 0x0000, 0x0000, 0x0000, 0x0000, 0x0000, 0x0000,
    0x0000, 0x0000, 0x0000, 0x0000, 0x0000, 0x0000, 0x0000, 0x0000, 0x0000, 0x0000, 0x0000, 0x0000,
    0x0000, 0x0000, 0x0000, 0x0000, 0x0000, 0x0000, 0x0000, 0x0000, 0x0000, 0x0000, 0x0000, 0x0000,
    0x0000, 0x0000, 0x0000, 0x0000, 0x0000, 0x0000, 0x0000, 0x0000, 0x0000, 0x0000, 0x0000, 0x0000,
    0x0000, 0x18C3, 0xFFFF, 0xFFFF, 0x528A, 0x0000, 0x0000, 0x0000, 0x0000, 0xFFDF, 0xFFFF, 0x8C51,
    0x0000, 0x0000, 0x0000, 0x0000, 0x0000, 0x0000, 0x0000, 0x0000, 0x0000, 0x0000, 0x0000, 0x0000,
    0x0000, 0x0000, 0x0000, 0x0000, 0x0000, 0x0000, 0x0000, 0x0000, 0x0000, 0x0000, 0x0000, 0x0000,
    0x0000, 0x0000, 0x0000, 0x0000, 0x0000, 0x0000, 0x0000, 0x0000, 0x0000, 0x0000, 0x0000, 0x0000,
    0x0000, 0x0000, 0x0000, 0x0000, 0x0000, 0x0000, 0x0000, 0x0000, 0x0000, 0x0000, 0x0000, 0x0000,
    0x0000, 0x0000, 0x0000, 0x0000, 0x0000, 0x18C3, 0xFFFF, 0xFFFF, 0x39E7, 0x0000, 0x4A49, 0xB5B6,
    0xAD75, 0x52AA, 0x4208, 0x2104, 0x0000, 0x0000, 0x0000, 0x0000, 0x0000, 0x0000, 0x0000, 0x0000,
    0x0000, 0x0000, 0x0000, 0x0000, 0x0000, 0x0000, 0x0000, 0x0000, 0x0000, 0x0000, 0x0000, 0x0000,
    0x0000, 0x0000, 0x0000, 0x0000, 0x0000, 0x0000, 0x0000, 0x0000, 0x0000, 0x0000, 0x0000, 0x0000,
    0x0000, 0x0000, 0x0000, 0x0000, 0x0000, 0x0000, 0x0000, 0x0000, 0x0000, 0x0000, 0x0000, 0x0000,
    0x0000, 0x0000, 0x0000, 0x0000, 0x0000, 0x0000, 0x0000, 0x0000, 0x0000, 0x18C3, 0xFFFF, 0xFFFF,
    0x2124, 0x0000, 0x73AE, 0xFFFF, 0xFFFF, 0x18C3, 0x0000, 0x0000, 0x0000, 0x0000, 0x0000, 0x0000,
    0x0000, 0x0000, 0x0000, 0x0000, 0x0000, 0x0000, 0x0000, 0x0000, 0x0000, 0x0000, 0x0000, 0x0000,
    0x0000, 0x0000, 0x0000, 0x0000, 0x0000, 0x0000, 0x0000, 0x0000, 0x0000, 0x0000, 0x0000, 0x0000,
    0x0000, 0x0000, 0x0000, 0x0000, 0x0000, 0x0000, 0x0000, 0x0000, 0x0000, 0x0000, 0x0000, 0x0000,
    0x0000, 0x0000, 0x0000, 0x0000, 0x0000, 0x0000, 0x0000, 0x0000, 0x0000, 0x0000, 0x0000, 0x0000,
    0x0000, 0x18C3, 0xFFDF, 0xFFFF, 0xA514, 0x5ACB, 0x8410, 0x8C71, 0x8C71, 0x10A2, 0x0000, 0x0000,
    0x0000, 0x0000, 0x0000, 0x0000, 0x0000, 0x0000, 0x0000, 0x0000, 0x0000, 0x0000, 0x0000, 0x0000,
    0x0000, 0x0000, 0x0000, 0x0000, 0x0000, 0x0000, 0x0000, 0x0000, 0x0000, 0x0000, 0x0000, 0x0000,
    0x0000, 0x0000, 0x0000, 0x0000, 0x0000, 0x0000, 0x0000, 0x0000, 0x0000, 0x0000, 0x0000, 0x0000,
    0x0000, 0x0000, 0x0000, 0x0000, 0x0000, 0x0000, 0x0000, 0x0000, 0x0000, 0x0000, 0x0000, 0x0000,
    0x0000, 0x0000, 0x0000, 0x0000, 0x0000, 0x18C3, 0xFFDF, 0xFFFF, 0xFFFF, 0xFFFF, 0xA534, 0x0000,
    0x0000, 0x0000, 0x0000, 0x0000, 0x0000, 0x0000, 0x0000, 0x0000, 0x0000, 0x0000, 0x0000, 0x0000,
    0x0000, 0x0000, 0x0000, 0x0000, 0x0000, 0x0000, 0x0000, 0x0000, 0x0000, 0x0000, 0x0000, 0x0000,
    0x0000, 0x0000, 0x0000, 0x0000, 0x0000, 0x0000, 0x0000, 0x0000, 0x0000, 0x0000, 0x0000, 0x0000,
    0x0000, 0x0000, 0x0000, 0x0000, 0x0000, 0x0000, 0x0000, 0x0000, 0x0000, 0x0000, 0x0000, 0x0000,
    0x0000, 0x0000, 0x0000, 0x0000, 0x0000, 0x0000, 0x0000, 0x0000, 0x0000, 0x10A2, 0xFFDF, 0xFFFF,
    0xF79E, 0xE73C, 0x6B6D, 0x0000, 0x0000, 0x0000, 0x0000, 0x0000, 0x0000, 0x0000, 0x0000, 0x0000,
    0x0000, 0x0000, 0x0000, 0x0000, 0x0000, 0x0000, 0x0000, 0x0000, 0x0000, 0x0000, 0x0000, 0x0000,
    0x0000, 0x0000, 0x0000, 0x0000, 0x0000, 0x0000, 0x0000, 0x0000, 0x0000, 0x0000, 0x0000, 0x0000,
    0x0000, 0x0000, 0x0000, 0x0000, 0x0000, 0x0000, 0x0000, 0x0000, 0x0000, 0x0000, 0x0000, 0x0000,
    0x0000, 0x0000, 0x0000, 0x0000, 0x0000, 0x0000, 0x0000, 0x0000, 0x0000, 0x0000, 0x0000, 0x0000,
    0x0000, 0x18C3, 0xFFFF, 0xFFFF, 0x5ACB, 0x0000, 0x0000, 0x0000, 0x0000, 0x0000, 0x0000, 0x0000,
    0x0000, 0x0000, 0x0000, 0x0000, 0x0000, 0x0000, 0x0000, 0x0000, 0x0000, 0x0000, 0x0000, 0x0000,
    0x0000, 0x0000, 0x0000, 0x0000, 0x0000, 0x0000, 0x0000, 0x0000, 0x0000, 0x0000, 0x0000, 0x0000,
    0x0000, 0x0000, 0x0000, 0x0000, 0x0000, 0x0000, 0x0000, 0x0000, 0x0000, 0x0000, 0x0000, 0x0000,
    0x0000, 0x0000, 0x0000, 0x0000, 0x0000, 0x0000, 0x0000, 0x0000, 0x0000, 0x0000, 0x0000, 0x0000,
    0x0000, 0x0000, 0x0000, 0x0000, 0x0000, 0x18C3, 0xEF5D, 0xEF5D, 0x4228, 0x0000, 0x0000, 0x0000,
    0x0000, 0x0000, 0x0000, 0x0000, 0x0000, 0x0000, 0x0000, 0x0000, 0x0000, 0x0000, 0x0000, 0x0000,
    0x0000, 0x0000, 0x0000, 0x0000, 0x0000, 0x0000, 0x0000, 0x0000, 0x0000, 0x0000, 0x0000, 0x0000,
    0x0000, 0x0000, 0x0000, 0x0000, 0x0000, 0x0000, 0x0000, 0x0000, 0x0000, 0x0000, 0x0000, 0x0000,
    0x0000, 0x0000, 0x0000, 0x0000, 0x0000, 0x0000, 0x0000, 0x0000, 0x0000, 0x0000, 0x0000, 0x0000,
    0x0000, 0x0000, 0x0000, 0x0000, 0x0000, 0x0000, 0x0000, 0x0000, 0x0000, 0x0000, 0x0000, 0x0000,
    0x0000, 0x0000, 0x0000, 0x0000, 0x0000, 0x0000, 0x0000, 0x0000, 0x0000, 0x0000, 0x0000, 0x0000,
    0x0000, 0x0000, 0x0000, 0x0000, 0x0000, 0x0000, 0x0000, 0x0000, 0x0000, 0x0000, 0x0000, 0x0000,
    0x0000, 0x0000, 0x0000, 0x0000, 0x0000, 0x0000, 0x0000, 0x0000, 0x0000, 0x0000, 0x0000, 0x0000,
    0x0000, 0x0000, 0x0000, 0x0000, 0x0000, 0x0000, 0x0000, 0x0000, 0x0000, 0x0000, 0x0000, 0x0000,
    0x0000, 0x0000, 0x0000, 0x0000, 0x0000, 0x0000, 0x0000, 0x0000, 0x0000, 0x0000, 0x0000, 0x0000,
    0x0000, 0x0000, 0x0000, 0x0000, 0x0000, 0x0000, 0x0000, 0x0000, 0x0000, 0x0000, 0x0000, 0x0000,
    0x0000, 0x0000, 0x0000, 0x0000, 0x0000, 0x0000, 0x0000, 0x0000, 0x0000, 0x0000, 0x0000, 0x0000,
    0x0000, 0x0000, 0x0000, 0x0000, 0x0000, 0x0000, 0x0000, 0x0000, 0x0000, 0x0000, 0x0000, 0x0000,
    0x0000, 0x0000, 0x0000, 0x0000, 0x0000, 0x0000, 0x0000, 0x0000, 0x0000, 0x0000, 0x0000, 0x0000,
    0x0000, 0x0000, 0x0000, 0x0000, 0x0000, 0x0000, 0x0000, 0x0000, 0x0000, 0x0000, 0x0000, 0x0000,
    0x0000, 0x0000, 0x0000, 0x0000, 0x0000, 0x0000, 0x0000, 0x0000, 0x0000, 0x0000, 0x0000, 0x0000,
    0x0000, 0x0000, 0x0000, 0x0000, 0x0000, 0x0000, 0x0000, 0x0000, 0x0000, 0x0000, 0x0000, 0x0000,
    0x0000, 0x0000, 0x0000, 0x0000, 0x0000, 0x0000, 0x0000, 0x0000, 0x0000, 0x0000, 0x0000, 0x0000,
    0x0000, 0x0000, 0x0000, 0x0000, 0x0000, 0x0000, 0x0000, 0x0000, 0x0000, 0x0000, 0x0000, 0x0000,
    0x0000, 0x0000, 0x0000, 0x0000, 0x0000, 0x0000, 0x0000, 0x0000, 0x0000, 0x0000, 0x0000, 0x0000,
    0x0000, 0x0000, 0x0000, 0x0000, 0x0000, 0x0000, 0x0000, 0x0000, 0x0000, 0x0000, 0x0000, 0x0000,
    0x0000, 0x0000, 0x0000, 0x0000, 0x0000, 0x0000, 0x0000, 0x0000, 0x0000, 0x0000, 0x0000, 0x0000,
    0x0000, 0x0000, 0x0000, 0x0000, 0x0000, 0x0000, 0x0000, 0x0000, 0x0000, 0x0000, 0x0000, 0x0000,
    0x0000, 0x0000, 0x0000, 0x0000
};
#define WIFI_48_WIDTH 48
#define WIFI_48_HEIGHT 48
const uint16_t wifi_48[2304] PROGMEM = {
    0x0000, 0x0000, 0x0000, 0x0000, 0x0000, 0x0000, 0x0000, 0x0000, 0x0000, 0x0000, 0x0000, 0x0000,
    0x0000, 0x0000, 0x0000, 0x0000, 0x0000, 0x0000, 0x0000, 0x0000, 0x0000, 0x0000, 0x0000, 0x0000,
    0x0000, 0x0000, 0x0000, 0x0000, 0x0000, 0x0000, 0x0000, 0x0000, 0x0000, 0x0000, 0x0000, 0x0000,
    0x0000, 0x0000, 0x0000, 0x0000, 0x0000, 0x0000, 0x0000, 0x0000, 0x0000, 0x0000, 0x0000, 0x0000,
    0x0000, 0x0000, 0x0000, 0x0000, 0x0000, 0x0000, 0x0000, 0x0000, 0x0000, 0x0000, 0x0000, 0x0000,
    0x0000, 0x0000, 0x0000, 0x0000, 0x0000, 0x0000, 0x0000, 0x0000, 0x0000, 0x0000, 0x0000, 0x0000,
    0x0000, 0x0000, 0x0000, 0x0000, 0x0000, 0x0000, 0x0000, 0x0000, 0x0000, 0x0000, 0x0000, 0x0000,
    0x0000, 0x0000, 0x0000, 0x0000, 0x0000, 0x0000, 0x0000, 0x0000, 0x0000, 0x0000, 0x0000, 0x0000,
    0x0000, 0x0000, 0x0000, 0x0000, 0x0000, 0x0000, 0x0000, 0x0000, 0x0000, 0x0000, 0x0000, 0x0000,
    0x0000, 0x0000, 0x0000, 0x0000, 0x0000, 0x0000, 0x0000, 0x0000, 0x0000, 0x0000, 0x0000, 0x0000,
    0x0000, 0x0000, 0x0000, 0x0000, 0x0000, 0x0000, 0x0000, 0x0000, 0x0000, 0x0000, 0x0000, 0x0000,
    0x0000, 0x0000, 0x0000, 0x0000, 0x0000, 0x0000, 0x0000, 0x0000, 0x0000, 0x0000, 0x0000, 0x0000,
    0x0000, 0x0000, 0x0000, 0x0000, 0x0000, 0x0000, 0x0000, 0x0000, 0x0000, 0x0000, 0x0000, 0x0000,
    0x0000, 0x0000, 0x0000, 0x0000, 0x0000, 0x0000, 0x0000, 0x0000, 0x0000, 0x0000, 0x0000, 0x0000,
    0x0000, 0x0000, 0x0000, 0x0000, 0x0000, 0x0000, 0x0000, 0x0000, 0x0000, 0x0000, 0x0000, 0x0000,
    0x0000, 0x0000, 0x0000, 0x0000, 0x0000, 0x0000, 0x0000, 0x0000, 0x0000, 0x0000, 0x0000, 0x0000,
    0x0000, 0x0000, 0x0000, 0x0000, 0x0000, 0x0000, 0x0000, 0x0000, 0x0000, 0x0000, 0x0000, 0x0000,
    0x0000, 0x0000, 0x0000, 0x0000, 0x0000, 0x0000, 0x0000, 0x0000, 0x0000, 0x0000, 0x0000, 0x0000,
    0x0000, 0x0000, 0x0000, 0x0000, 0x0000, 0x0000, 0x0000, 0x0000, 0x0000, 0x0000, 0x0000, 0x0000,
    0x0000, 0x0000, 0x0000, 0x0000, 0x0000, 0x0000, 0x0000, 0x0000, 0x0000, 0x0000, 0x0000, 0x0000,
    0x0000, 0x0000, 0x0000, 0x0000, 0x0000, 0x0000, 0x0000, 0x0000, 0x0000, 0x0000, 0x0000, 0x0000,
    0x0000, 0x0000, 0x0000, 0x0000, 0x0000, 0x0000, 0x0000, 0x0000, 0x0000, 0x0000, 0x0000, 0x0000,
    0x0000, 0x0000, 0x0000, 0x0000, 0x0000, 0x0000, 0x0000, 0x0000, 0x0000, 0x0000, 0x0000, 0x0000,
    0x0000, 0x0000, 0x0000, 0x0000, 0x0000, 0x0000, 0x0000, 0x0000, 0x0000, 0x0000, 0x0000, 0x0000,
    0x0000, 0x0000, 0x0000, 0x0000, 0x0000, 0x0000, 0x0000, 0x0000, 0x0000, 0x0000, 0x0000, 0x0000,
    0x0000, 0x0000, 0x0000, 0x0000, 0x0000, 0x0000, 0x0000, 0x0000, 0x0000, 0x0000, 0x0000, 0x0000,
    0x0000, 0x0000, 0x0000, 0x0000, 0x0000, 0x0000, 0x0000, 0x0000, 0x0000, 0x0000, 0x0000, 0x0000,
    0x0000, 0x0000, 0x0000, 0x0000, 0x0000, 0x0000, 0x0000, 0x0000, 0x0000, 0x0000, 0x0000, 0x0000,
    0x0000, 0x0000, 0x0000, 0x0000, 0x0000, 0x0000, 0x0000, 0x0000, 0x0000, 0x0000, 0x0000, 0x0000,
    0x0000, 0x0000, 0x0000, 0x0000, 0x0000, 0x0000, 0x0000, 0x0000, 0x0000, 0x0000, 0x0000, 0x0000,
    0x0000, 0x0000, 0x0000, 0x0000, 0x0000, 0x0000, 0x0000, 0x0000, 0x0000, 0x0000, 0x0000, 0x0000,
    0x0000, 0x0000, 0x0000, 0x0000, 0x0000, 0x0000, 0x0000, 0x0000, 0x0000, 0x0000, 0x0000, 0x0000,
    0x0000, 0x0000, 0x0000, 0x0000, 0x0000, 0x0000, 0x0000, 0x0000, 0x0000, 0x0000, 0x0000, 0x0000,
    0x0000, 0x0000, 0x0000, 0x0000, 0x0000, 0x0000, 0x0000, 0x0000, 0x0000, 0x0000, 0x0000, 0x0000,
    0x0000, 0x0000, 0x0000, 0x0000, 0x0000, 0x0000, 0x0000, 0x0000, 0x0000, 0x0000, 0x0000, 0x0000,
    0x0000, 0x0000, 0x0000, 0x0000, 0x0000, 0x0000, 0x0000, 0x0000, 0x0000, 0x0000, 0x0000, 0x0000,
    0x0000, 0x0000, 0x0000, 0x0000, 0x0000, 0x0000, 0x0000, 0x0000, 0x0000, 0x0000, 0x0000, 0x0000,
    0x0000, 0x0000, 0x0000, 0x0000, 0x0000, 0x0000, 0x0000, 0x0000, 0x0000, 0x0000, 0x0000, 0x0000,
    0x0000, 0x0000, 0x0000, 0x0000, 0x0000, 0x0000, 0x0000, 0x0000, 0x0000, 0x0000, 0x0000, 0x0000,
    0x0000, 0x0000, 0x0000, 0x0000, 0x0000, 0x0000, 0x0000, 0x0000, 0x0000, 0x0000, 0x0000, 0x0000,
    0x0000, 0x0000, 0x0000, 0x0000, 0x0000, 0x0000, 0x0000, 0x0000, 0x0000, 0x0000, 0x0000, 0x0000,
    0x0000, 0x0000, 0x0000, 0x0000, 0x0000, 0x0000, 0x0000, 0x0000, 0x0000, 0x0000, 0x0000, 0x0000,
    0x0000, 0x0000, 0x0000, 0x0000, 0x0000, 0x0000, 0x0000, 0x0000, 0x0000, 0x0000, 0x0000, 0x0000,
    0x0000, 0x0000, 0x0000, 0x0000, 0x0000, 0x0000, 0x0000, 0x0000, 0x0000, 0x0000, 0x0000, 0x0000,
    0x0000, 0x0000, 0x0000, 0x0000, 0x0000, 0x0000, 0x0000, 0x0000, 0x0000, 0x0000, 0x0000, 0x0000,
    0x0000, 0x0000, 0x0000, 0x0000, 0x0021, 0x00C4, 0x098A, 0x124E, 0x12D2, 0x1B76, 0x1BD8, 0x1BF9,
    0x1C3A, 0x1C3A, 0x1BF9, 0x1BD8, 0x1376, 0x12D2, 0x124E, 0x098A, 0x00A4, 0x0021, 0x0000, 0x0000,
    0x0000, 0x0000, 0x0000, 0x0000, 0x0000, 0x0000, 0x0000, 0x0000, 0x0000, 0x0000, 0x0000, 0x0000,
    0x0000, 0x0000, 0x0000, 0x0000, 0x0000, 0x0000, 0x0000, 0x0000, 0x0000, 0x0000, 0x0000, 0x0000,
    0x0000, 0x0000, 0x0127, 0x0AD0, 0x1B97, 0x1C9D, 0x24BE, 0x24BE, 0x24BE, 0x24BE, 0x24BE, 0x24BE,
    0x24BE, 0x24BE, 0x24BE, 0x24BE, 0x24BE, 0x24BE, 0x24BE, 0x24BE, 0x1C9D, 0x1B97, 0x0AD0, 0x0167,
    0x0000, 0x0000, 0x0000, 0x0000, 0x0000, 0x0000, 0x0000, 0x0000, 0x0000, 0x0000, 0x0000, 0x0000,
    0x0000, 0x0000, 0x0000, 0x0000, 0x0000, 0x0000, 0x0000, 0x0000, 0x0000, 0x0000, 0x0000, 0x0041,
    0x0A0D, 0x1BD8, 0x1C7D, 0x247E, 0x24BE, 0x24BE, 0x24BE, 0x24BE, 0x24BE, 0x24BE, 0x24BE, 0x24BE,
    0x24BE, 0x24BE, 0x24BE, 0x24BE, 0x24BE, 0x24BE, 0x24BE, 0x24BE, 0x24BE, 0x24BE, 0x247E, 0x249D,
    0x1BD8, 0x0A0D, 0x0042, 0x0000, 0x0000, 0x0000, 0x0000, 0x0000, 0x0000, 0x0000, 0x0000, 0x0000,
    0x0000, 0x0000, 0x0000, 0x0000, 0x0000, 0x0000, 0x0000, 0x0000, 0x0000, 0x0062, 0x0A0D, 0x1C3A,
    0x24BE, 0x24BE, 0x24BE, 0x24BE, 0x24BE, 0x24BE, 0x24BE, 0x24BE, 0x24BE, 0x24BE, 0x24BE, 0x24BE,
    0x24BE, 0x24BE, 0x24BE, 0x24BE, 0x24BE, 0x24BE, 0x24BE, 0x24BE, 0x24BE, 0x24BE, 0x24BE, 0x24BE,
    0x249E, 0x24BE, 0x1C3A, 0x0A2D, 0x0062, 0x0000, 0x0000, 0x0000, 0x0000, 0x0000, 0x0000, 0x0000,
    0x0000, 0x0000, 0x0000, 0x0000, 0x0000, 0x0000, 0x0000, 0x0000, 0x09AB, 0x1C1A, 0x24BE, 0x24BE,
    0x24BE, 0x24BE, 0x24BE, 0x24BE, 0x24BE, 0x24BE, 0x24BE, 0x24BE, 0x24BE, 0x24BE, 0x249D, 0x247C,
    0x1C5C, 0x1C5C, 0x247C, 0x249D, 0x24BE, 0x24BE, 0x24BE, 0x24BE, 0x24BE, 0x24BE, 0x24BE, 0x24BE,
    0x24BE, 0x24BE, 0x24BE, 0x24BE, 0x1C1A, 0x09CB, 0x0000, 0x0000, 0x0000, 0x0000, 0x0000, 0x0000,
    0x0000, 0x0000, 0x0000, 0x0000, 0x0000, 0x0000, 0x00C4, 0x1B15, 0x24BE, 0x24BE, 0x24BE, 0x24BE,
    0x24BE, 0x24BE, 0x24BE, 0x24BE, 0x24BE, 0x1C9D, 0x1BB7, 0x1290, 0x09EC, 0x0948, 0x00C5, 0x00A4,
    0x00A4, 0x00A4, 0x00A4, 0x00C5, 0x0948, 0x09EC, 0x1290, 0x1BB7, 0x1C9D, 0x24BE, 0x24BE, 0x24BE,
    0x24BE, 0x24BE, 0x24BE, 0x24BE, 0x24BE, 0x24BE, 0x1B15, 0x00C4, 0x0000, 0x0000, 0x0000, 0x0000,
    0x0000, 0x0000, 0x0000, 0x0000, 0x0000, 0x0989, 0x1C3A, 0x24BE, 0x24BE, 0x24BE, 0x24BE, 0x24BE,
    0x24BE, 0x24BE, 0x249D, 0x1B76, 0x0A2E, 0x00A4, 0x0000, 0x0000, 0x0000, 0x0000, 0x0000, 0x0000,
    0x0000, 0x0000, 0x0000, 0x0000, 0x0000, 0x0000, 0x0000, 0x0000, 0x00C4, 0x0A2E, 0x1B96, 0x249D,
    0x24BE, 0x24BE, 0x24BE, 0x24BE, 0x24BE, 0x24BE, 0x24BE, 0x1C3A, 0x0989, 0x0000, 0x0000, 0x0000,
    0x0000, 0x0000, 0x0000, 0x0000, 0x11ED, 0x24BE, 0x249E, 0x24BE, 0x24BE, 0x24BE, 0x24BE, 0x24BE,
    0x24BE, 0x12F2, 0x0927, 0x0000, 0x0000, 0x0000, 0x0000, 0x0000, 0x0000, 0x0000, 0x0000, 0x0000,
    0x0000, 0x0000, 0x0000, 0x0000, 0x0000, 0x0000, 0x0000, 0x0000, 0x0000, 0x0000, 0x0000, 0x0107,
    0x12F2, 0x24BE, 0x24BE, 0x24BE, 0x24BE, 0x24BE, 0x24BE, 0x249E, 0x24BE, 0x122D, 0x0000, 0x0000,
    0x0000, 0x0000, 0x0000, 0x12F1, 0x249E, 0x24BE, 0x24BE, 0x24BE, 0x24BE, 0x24BE, 0x24BE, 0x1334,
    0x00E6, 0x0000, 0x0000, 0x0000, 0x0000, 0x0000, 0x0000, 0x0000, 0x0000, 0x0000, 0x0000, 0x0021,
    0x0042, 0x0042, 0x0021, 0x0000, 0x0000, 0x0000, 0x0000, 0x0000, 0x0000, 0x0000, 0x0000, 0x0000,
    0x0000, 0x00E5, 0x1314, 0x24BE, 0x24BE, 0x24BE, 0x24BE, 0x24BE, 0x24BE, 0x24BE, 0x12B1, 0x0000,
    0x0000, 0x0000, 0x0000, 0x124F, 0x24BE, 0x24BE, 0x24BE, 0x24BE, 0x24BE, 0x1C3B, 0x09AB, 0x0000,
    0x0000, 0x0000, 0x0000, 0x0000, 0x0000, 0x0000, 0x0083, 0x0969, 0x0A4E, 0x12F3, 0x1B96, 0x1BD9,
    0x1C1A, 0x1C1A, 0x1BD9, 0x1B96, 0x12F3, 0x0A4E, 0x0968, 0x0083, 0x0000, 0x0000, 0x0000, 0x0000,
    0x0000, 0x0000, 0x0000, 0x09CB, 0x1C3B, 0x24BE, 0x24BE, 0x24BE, 0x24BE, 0x24BE, 0x126F, 0x0000,
    0x0000, 0x0000, 0x0000, 0x0000, 0x09EC, 0x24BE, 0x24BE, 0x24BE, 0x1B76, 0x00A4, 0x0000, 0x0000,
    0x0000, 0x0000, 0x0000, 0x0000, 0x098A, 0x12F3, 0x1C5B, 0x24BE, 0x24BE, 0x24BE, 0x24BE, 0x24BE,
    0x24BE, 0x24BE, 0x24BE, 0x24BE, 0x24BE, 0x24BE, 0x24BE, 0x1C5B, 0x1313, 0x098A, 0x0000, 0x0000,
    0x0000, 0x0000, 0x0000, 0x0000, 0x0083, 0x1376, 0x24DE, 0x24BE, 0x24BE, 0x09EC, 0x0000, 0x0000,
    0x0000, 0x0000, 0x0000, 0x0000, 0x0000, 0x0A0D, 0x1CBE, 0x12F3, 0x0000, 0x0000, 0x0000, 0x0000,
    0x0000, 0x0000, 0x09EC, 0x1BB8, 0x24BE, 0x24BE, 0x24BE, 0x24BE, 0x24BE, 0x24BE, 0x24BE, 0x24BE,
    0x24BE, 0x24BE, 0x24BE, 0x24BE, 0x24BE, 0x24BE, 0x24BE, 0x24BE, 0x24BE, 0x24BE, 0x1BD8, 0x09CC,
    0x0000, 0x0000, 0x0000, 0x0000, 0x0000, 0x0000, 0x12F3, 0x1C9E, 0x0A0D, 0x0000, 0x0000, 0x0000,
    0x0000, 0x0000, 0x0000, 0x0000, 0x0000, 0x0000, 0x0128, 0x0020, 0x0000, 0x0000, 0x0000, 0x0000,
    0x00E6, 0x1B76, 0x24BE, 0x24BE, 0x24BE, 0x24BE, 0x24BE, 0x24BE, 0x24BE, 0x24BE, 0x24BE, 0x24BE,
    0x24BE, 0x24BE, 0x24BE, 0x24BE, 0x24BE, 0x24BE, 0x24BE, 0x24BE, 0x24BE, 0x24BE, 0x24BE, 0x249E,
    0x13D7, 0x0106, 0x0000, 0x0000, 0x0000, 0x0000, 0x0000, 0x0128, 0x0000, 0x0000, 0x0000, 0x0000,
    0x0000, 0x0000, 0x0000, 0x0000, 0x0000, 0x0000, 0x0000, 0x0000, 0x0000, 0x0000, 0x0000, 0x0A2E,
    0x249D, 0x24BE, 0x24BE, 0x24BE, 0x24BE, 0x24BE, 0x24BE, 0x24BE, 0x24BE, 0x24BE, 0x24BE, 0x249D,
    0x247C, 0x247C, 0x249D, 0x24BE, 0x1CBE, 0x24BE, 0x24BE, 0x24BE, 0x24BE, 0x24BE, 0x24BE, 0x24DE,
    0x249E, 0x247D, 0x124E, 0x0000, 0x0000, 0x0000, 0x0000, 0x0000, 0x0000, 0x0000, 0x0000, 0x0000,
    0x0000, 0x0000, 0x0000, 0x0000, 0x0000, 0x0000, 0x0000, 0x0000, 0x0000, 0x0083, 0x1355, 0x24BE,
    0x24BE, 0x24BE, 0x24BE, 0x24BE, 0x24BE, 0x24BE, 0x249E, 0x1C1A, 0x12D2, 0x09EC, 0x0948, 0x00C5,
    0x00A4, 0x00A4, 0x00C5, 0x0948, 0x11EC, 0x12D2, 0x1C3A, 0x249E, 0x24BE, 0x24BE, 0x24BE, 0x24BE,
    0x24BE, 0x24BE, 0x24BE, 0x1355, 0x0083, 0x0000, 0x0000, 0x0000, 0x0000, 0x0000, 0x0000, 0x0000,
    0x0000, 0x0000, 0x0000, 0x0000, 0x0000, 0x0000, 0x0000, 0x0000, 0x0000, 0x0948, 0x24BE, 0x24BE,
    0x24BE, 0x24BE, 0x24BE, 0x24BE, 0x24BE, 0x1396, 0x09CB, 0x0021, 0x0000, 0x0000, 0x0000, 0x0000,
    0x0000, 0x0000, 0x0000, 0x0000, 0x0000, 0x0000, 0x0021, 0x09CB, 0x1396, 0x249E, 0x24BE, 0x24BE,
    0x24BE, 0x24BE, 0x24BE, 0x24BE, 0x0968, 0x0000, 0x0000, 0x0000, 0x0000, 0x0000, 0x0000, 0x0000,
    0x0000, 0x0000, 0x0000, 0x0000, 0x0000, 0x0000, 0x0000, 0x0000, 0x0000, 0x0000, 0x0A0D, 0x24BE,
    0x24BE, 0x24BE, 0x24DE, 0x1BB8, 0x0969, 0x0000, 0x0000, 0x0000, 0x0000, 0x0000, 0x0000, 0x0000,
    0x0000, 0x0000, 0x0000, 0x0000, 0x0000, 0x0000, 0x0000, 0x0000, 0x0000, 0x0969, 0x1BD8, 0x24BE,
    0x24BE, 0x24BE, 0x24BE, 0x0A0D, 0x0000, 0x0000, 0x0000, 0x0000, 0x0000, 0x0000, 0x0000, 0x0000,
    0x0000, 0x0000, 0x0000, 0x0000, 0x0000, 0x0000, 0x0000, 0x0000, 0x0000, 0x0000, 0x0000, 0x0A0D,
    0x24BE, 0x24BE, 0x1290, 0x0021, 0x0000, 0x0000, 0x0000, 0x0000, 0x0000, 0x0000, 0x0000, 0x0000,
    0x0021, 0x0021, 0x0000, 0x0000, 0x0000, 0x0000, 0x0000, 0x0000, 0x0000, 0x0000, 0x0041, 0x1270,
    0x24BE, 0x24BE, 0x0A0D, 0x0000, 0x0000, 0x0000, 0x0000, 0x0000, 0x0000, 0x0000, 0x0000, 0x0000,
    0x0000, 0x0000, 0x0000, 0x0000, 0x0000, 0x0000, 0x0000, 0x0000, 0x0000, 0x0000, 0x0000, 0x0000,
    0x0A4E, 0x124E, 0x0000, 0x0000, 0x0000, 0x0000, 0x0000, 0x0000, 0x00E6, 0x0A0D, 0x12F3, 0x1B97,
    0x1BF9, 0x1BF9, 0x1B97, 0x12F3, 0x0A0D, 0x00E6, 0x0000, 0x0000, 0x0000, 0x0000, 0x0000, 0x0000,
    0x124E, 0x124E, 0x0000, 0x0000, 0x0000, 0x0000, 0x0000, 0x0000, 0x0000, 0x0000, 0x0000, 0x0000,
    0x0000, 0x0000, 0x0000, 0x0000, 0x0000, 0x0000, 0x0000, 0x0000, 0x0000, 0x0000, 0x0000, 0x0000,
    0x0000, 0x0000, 0x0000, 0x0000, 0x0000, 0x0000, 0x0948, 0x1334, 0x24BE, 0x24BE, 0x24BE, 0x24BE,
    0x24BE, 0x24BE, 0x24BE, 0x24BE, 0x24BE, 0x247E, 0x1395, 0x0988, 0x0000, 0x0000, 0x0000, 0x0000,
    0x0000, 0x0000, 0x0000, 0x0000, 0x0000, 0x0000, 0x0000, 0x0000, 0x0000, 0x0000, 0x0000, 0x0000,
    0x0000, 0x0000, 0x0000, 0x0000, 0x0000, 0x0000, 0x0000, 0x0000, 0x0000, 0x0000, 0x0000, 0x0000,
    0x0000, 0x0000, 0x0000, 0x0000, 0x0083, 0x12F2, 0x24BE, 0x24BE, 0x24BE, 0x24BE, 0x24BE, 0x24BE,
    0x24BE, 0x24BE, 0x24BE, 0x24BE, 0x24BE, 0x24DE, 0x249E, 0x249E, 0x12F2, 0x0083, 0x0000, 0x0000,
    0x0000, 0x0000, 0x0000, 0x0000, 0x0000, 0x0000, 0x0000, 0x0000, 0x0000, 0x0000, 0x0000, 0x0000,
    0x0000, 0x0000, 0x0000, 0x0000, 0x0000, 0x0000, 0x0000, 0x0000, 0x0000, 0x0000, 0x0000, 0x0000,
    0x0000, 0x0000, 0x0000, 0x0021, 0x1C1A, 0x24BE, 0x24BE, 0x24BE, 0x24BE, 0x24BE, 0x24BE, 0x24BE,
    0x24BE, 0x24BE, 0x24BE, 0x24BE, 0x24BE, 0x24BE, 0x24BE, 0x24BE, 0x24BE, 0x1C1A, 0x0041, 0x0000,
    0x0000, 0x0000, 0x0000, 0x0000, 0x0000, 0x0000, 0x0000, 0x0000, 0x0000, 0x0000, 0x0000, 0x0000,
    0x0000, 0x0000, 0x0000, 0x0000, 0x0000, 0x0000, 0x0000, 0x0000, 0x0000, 0x0000, 0x0000, 0x0000,
    0x0000, 0x0000, 0x0000, 0x0000, 0x126F, 0x24BE, 0x24BE, 0x24BE, 0x24BE, 0x24BE, 0x24BE, 0x24BE,
    0x1C7D, 0x1C7D, 0x24BE, 0x24BE, 0x24BE, 0x24BE, 0x24BE, 0x24BE, 0x24BE, 0x126F, 0x0000, 0x0000,
    0x0000, 0x0000, 0x0000, 0x0000, 0x0000, 0x0000, 0x0000, 0x0000, 0x0000, 0x0000, 0x0000, 0x0000,
    0x0000, 0x0000, 0x0000, 0x0000, 0x0000, 0x0000, 0x0000, 0x0000, 0x0000, 0x0000, 0x0000, 0x0000,
    0x0000, 0x0000, 0x0000, 0x0000, 0x0000, 0x0A0D, 0x24BE, 0x24BE, 0x24BE, 0x1BD8, 0x0A0D, 0x0127,
    0x00A4, 0x00A4, 0x0127, 0x0A2D, 0x1BD8, 0x24BE, 0x24BE, 0x24BE, 0x0A0D, 0x0000, 0x0000, 0x0000,
    0x0000, 0x0000, 0x0000, 0x0000, 0x0000, 0x0000, 0x0000, 0x0000, 0x0000, 0x0000, 0x0000, 0x0000,
    0x0000, 0x0000, 0x0000, 0x0000, 0x0000, 0x0000, 0x0000, 0x0000, 0x0000, 0x0000, 0x0000, 0x0000,
    0x0000, 0x0000, 0x0000, 0x0000, 0x0000, 0x0000, 0x0A2E, 0x1C3A, 0x0A2D, 0x0000, 0x0000, 0x0000,
    0x0000, 0x0000, 0x0000, 0x0000, 0x0020, 0x0A0D, 0x1C3A, 0x0A2E, 0x0000, 0x0000, 0x0000, 0x0000,
    0x0000, 0x0000, 0x0000, 0x0000, 0x0000, 0x0000, 0x0000, 0x0000, 0x0000, 0x0000, 0x0000, 0x0000,
    0x0000, 0x0000, 0x0000, 0x0000, 0x0000, 0x0000, 0x0000, 0x0000, 0x0000, 0x0000, 0x0000, 0x0000,
    0x0000, 0x0000, 0x0000, 0x0000, 0x0000, 0x0000, 0x0000, 0x0063, 0x0000, 0x0000, 0x0000, 0x0000,
    0x0000, 0x0000, 0x0000, 0x0000, 0x0000, 0x0000, 0x0083, 0x0000, 0x0000, 0x0000, 0x0000, 0x0000,
    0x0000, 0x0000, 0x0000, 0x0000, 0x0000, 0x0000, 0x0000, 0x0000, 0x0000, 0x0000, 0x0000, 0x0000,
    0x0000, 0x0000, 0x0000, 0x0000, 0x0000, 0x0000, 0x0000, 0x0000, 0x0000, 0x0000, 0x0000, 0x0000,
    0x0000, 0x0000, 0x0000, 0x0000, 0x0000, 0x0000, 0x0000, 0x0000, 0x0000, 0x0000, 0x0000, 0x0000,
    0x0042, 0x0042, 0x0000, 0x0000, 0x0000, 0x0000, 0x0000, 0x0000, 0x0000, 0x0000, 0x0000, 0x0000,
    0x0000, 0x0000, 0x0000, 0x0000, 0x0000, 0x0000, 0x0000, 0x0000, 0x0000, 0x0000, 0x0000, 0x0000,
    0x0000, 0x0000, 0x0000, 0x0000, 0x0000, 0x0000, 0x0000, 0x0000, 0x0000, 0x0000, 0x0000, 0x0000,
    0x0000, 0x0000, 0x0000, 0x0000, 0x0000, 0x0000, 0x0000, 0x0000, 0x0000, 0x0000, 0x0020, 0x1270,
    0x1C5B, 0x1C5B, 0x1270, 0x0020, 0x0000, 0x0000, 0x0000, 0x0000, 0x0000, 0x0000, 0x0000, 0x0000,
    0x0000, 0x0000, 0x0000, 0x0000, 0x0000, 0x0000, 0x0000, 0x0000, 0x0000, 0x0000, 0x0000, 0x0000,
    0x0000, 0x0000, 0x0000, 0x0000, 0x0000, 0x0000, 0x0000, 0x0000, 0x0000, 0x0000, 0x0000, 0x0000,
    0x0000, 0x0000, 0x0000, 0x0000, 0x0000, 0x0000, 0x0000, 0x0000, 0x0000, 0x0000, 0x1290, 0x24BE,
    0x24BE, 0x24BE, 0x24BE, 0x1290, 0x0000, 0x0000, 0x0000, 0x0000, 0x0000, 0x0000, 0x0000, 0x0000,
    0x0000, 0x0000, 0x0000, 0x0000, 0x0000, 0x0000, 0x0000, 0x0000, 0x0000, 0x0000, 0x0000, 0x0000,
    0x0000, 0x0000, 0x0000, 0x0000, 0x0000, 0x0000, 0x0000, 0x0000, 0x0000, 0x0000, 0x0000, 0x0000,
    0x0000, 0x0000, 0x0000, 0x0000, 0x0000, 0x0000, 0x0000, 0x0000, 0x0000, 0x0062, 0x1C5B, 0x24BE,
    0x24BE, 0x24BE, 0x24BE, 0x1C5B, 0x0062, 0x0000, 0x0000, 0x0000, 0x0000, 0x0000, 0x0000, 0x0000,
    0x0000, 0x0000, 0x0000, 0x0000, 0x0000, 0x0000, 0x0000, 0x0000, 0x0000, 0x0000, 0x0000, 0x0000,
    0x0000, 0x0000, 0x0000, 0x0000, 0x0000, 0x0000, 0x0000, 0x0000, 0x0000, 0x0000, 0x0000, 0x0000,
    0x0000, 0x0000, 0x0000, 0x0000, 0x0000, 0x0000, 0x0000, 0x0000, 0x0000, 0x0062, 0x1C5B, 0x24BE,
    0x24BE, 0x24BE, 0x24BE, 0x1C5B, 0x0062, 0x0000, 0x0000, 0x0000, 0x0000, 0x0000, 0x0000, 0x0000,
    0x0000, 0x0000, 0x0000, 0x0000, 0x0000, 0x0000, 0x0000, 0x0000, 0x0000, 0x0000, 0x0000, 0x0000,
    0x0000, 0x0000, 0x0000, 0x0000, 0x0000, 0x0000, 0x0000, 0x0000, 0x0000, 0x0000, 0x0000, 0x0000,
    0x0000, 0x0000, 0x0000, 0x0000, 0x0000, 0x0000, 0x0000, 0x0000, 0x0000, 0x0000, 0x1290, 0x24BE,
    0x24BE, 0x24BE, 0x24BE, 0x12B0, 0x0000, 0x0000, 0x0000, 0x0000, 0x0000, 0x0000, 0x0000, 0x0000,
    0x0000, 0x0000, 0x0000, 0x0000, 0x0000, 0x0000, 0x0000, 0x0000, 0x0000, 0x0000, 0x0000, 0x0000,
    0x0000, 0x0000, 0x0000, 0x0000, 0x0000, 0x0000, 0x0000, 0x0000, 0x0000, 0x0000, 0x0000, 0x0000,
    0x0000, 0x0000, 0x0000, 0x0000, 0x0000, 0x0000, 0x0000, 0x0000, 0x0000, 0x0000, 0x0020, 0x1290,
    0x1C3B, 0x1C3B, 0x126F, 0x0020, 0x0000, 0x0000, 0x0000, 0x0000, 0x0000, 0x0000, 0x0000, 0x0000,
    0x0000, 0x0000, 0x0000, 0x0000, 0x0000, 0x0000, 0x0000, 0x0000, 0x0000, 0x0000, 0x0000, 0x0000,
    0x0000, 0x0000, 0x0000, 0x0000, 0x0000, 0x0000, 0x0000, 0x0000, 0x0000, 0x0000, 0x0000, 0x0000,
    0x0000, 0x0000, 0x0000, 0x0000, 0x0000, 0x0000, 0x0000, 0x0000, 0x0000, 0x0000, 0x0000, 0x0000,
    0x0000, 0x0000, 0x0000, 0x0000, 0x0000, 0x0000, 0x0000, 0x0000, 0x0000, 0x0000, 0x0000, 0x0000,
    0x0000, 0x0000, 0x0000, 0x0000, 0x0000, 0x0000, 0x0000, 0x0000, 0x0000, 0x0000, 0x0000, 0x0000,
    0x0000, 0x0000, 0x0000, 0x0000, 0x0000, 0x0000, 0x0000, 0x0000, 0x0000, 0x0000, 0x0000, 0x0000,
    0x0000, 0x0000, 0x0000, 0x0000, 0x0000, 0x0000, 0x0000, 0x0000, 0x0000, 0x0000, 0x0000, 0x0000,
    0x0000, 0x0000, 0x0000, 0x0000, 0x0000, 0x0000, 0x0000, 0x0000, 0x0000, 0x0000, 0x0000, 0x0000,
    0x0000, 0x0000, 0x0000, 0x0000, 0x0000, 0x0000, 0x0000, 0x0000, 0x0000, 0x0000, 0x0000, 0x0000,
    0x0000, 0x0000, 0x0000, 0x0000, 0x0000, 0x0000, 0x0000, 0x0000, 0x0000, 0x0000, 0x0000, 0x0000,
    0x0000, 0x0000, 0x0000, 0x0000, 0x0000, 0x0000, 0x0000, 0x0000, 0x0000, 0x0000, 0x0000, 0x0000,
    0x0000, 0x0000, 0x0000, 0x0000, 0x0000, 0x0000, 0x0000, 0x0000, 0x0000, 0x0000, 0x0000, 0x0000,
    0x0000, 0x0000, 0x0000, 0x0000, 0x0000, 0x0000, 0x0000, 0x0000, 0x0000, 0x0000, 0x0000, 0x0000,
    0x0000, 0x0000, 0x0000, 0x0000, 0x0000, 0x0000, 0x0000, 0x0000, 0x0000, 0x0000, 0x0000, 0x0000,
    0x0000, 0x0000, 0x0000, 0x0000, 0x0000, 0x0000, 0x0000, 0x0000, 0x0000, 0x0000, 0x0000, 0x0000,
    0x0000, 0x0000, 0x0000, 0x0000, 0x0000, 0x0000, 0x0000, 0x0000, 0x0000, 0x0000, 0x0000, 0x0000,
    0x0000, 0x0000, 0x0000, 0x0000, 0x0000, 0x0000, 0x0000, 0x0000, 0x0000, 0x0000, 0x0000, 0x0000
};
#define WIFI_S_48_WIDTH 48
#define WIFI_S_48_HEIGHT 48
const uint16_t wifi_s_48[2304] PROGMEM = {
    0x0000, 0x0000, 0x0000, 0x0000, 0x0000, 0x0000, 0x0000, 0x0000, 0x0000, 0x0000, 0x0000, 0x0000,
    0x0000, 0x0000, 0x0000, 0x0000, 0x0000, 0x0000, 0x0000, 0x0000, 0x0000, 0x0000, 0x0000, 0x0000,
    0x0000, 0x0000, 0x0000, 0x0000, 0x0000, 0x0000, 0x0000, 0x0000, 0x0000, 0x0000, 0x0000, 0x0000,
    0x0000, 0x0000, 0x0000, 0x0000, 0x0000, 0x0000, 0x0000, 0x0000, 0x0000, 0x0000, 0x0000, 0x0000,
    0x0000, 0x0000, 0x0000, 0x0000, 0x0000, 0x0000, 0x0000, 0x0000, 0x0000, 0x0000, 0x0000, 0x0000,
    0x0000, 0x0000, 0x0000, 0x0000, 0x0000, 0x0000, 0x0000, 0x0000, 0x0000, 0x0000, 0x0000, 0x0000,
    0x0000, 0x0000, 0x0000, 0x0000, 0x0000, 0x0000, 0x0000, 0x0000, 0x0000, 0x0000, 0x0000, 0x0000,
    0x0000, 0x0000, 0x0000, 0x0000, 0x0000, 0x0000, 0x0000, 0x0000, 0x0000, 0x0000, 0x0000, 0x0000,
    0x0000, 0x0000, 0x0000, 0x0000, 0x0000, 0x0000, 0x0000, 0x0000, 0x0000, 0x0000, 0x0000, 0x0000,
    0x0000, 0x0000, 0x0000, 0x0000, 0x0000, 0x0000, 0x0000, 0x0000, 0x0000, 0x0000, 0x0000, 0x0000,
    0x0000, 0x0000, 0x0000, 0x0000, 0x0000, 0x0000, 0x0000, 0x0000, 0x0000, 0x0000, 0x0000, 0x0000,
    0x0000, 0x0000, 0x0000, 0x0000, 0x0000, 0x0000, 0x0000, 0x0000, 0x0000, 0x0000, 0x0000, 0x0000,
    0x0000, 0x0000, 0x0000, 0x0000, 0x0000, 0x0000, 0x0000, 0x0000, 0x0000, 0x0000, 0x0000, 0x0000,
    0x0000, 0x0000, 0x0000, 0x0000, 0x0000, 0x0000, 0x0000, 0x0000, 0x0000, 0x0000, 0x0000, 0x0000,
    0x0000, 0x0000, 0x0000, 0x0000, 0x0000, 0x0000, 0x0000, 0x0000, 0x0000, 0x0000, 0x0000, 0x0000,
    0x0000, 0x0000, 0x0000, 0x0000, 0x0000, 0x0000, 0x0000, 0x0000, 0x0000, 0x0000, 0x0000, 0x0000,
    0x0000, 0x0000, 0x0000, 0x0000, 0x0000, 0x0000, 0x0000, 0x0000, 0x0000, 0x0000, 0x0000, 0x0000,
    0x0000, 0x0000, 0x0000, 0x0000, 0x0000, 0x0000, 0x0000, 0x0000, 0x0000, 0x0000, 0x0000, 0x0000,
    0x0000, 0x0000, 0x0000, 0x0000, 0x0000, 0x0000, 0x0000, 0x0000, 0x0000, 0x0000, 0x0000, 0x0000,
    0x0000, 0x0000, 0x0000, 0x0000, 0x0000, 0x0000, 0x0000, 0x0000, 0x0000, 0x0000, 0x0000, 0x0000,
    0x0000, 0x0000, 0x0000, 0x0000, 0x0000, 0x0000, 0x0000, 0x0000, 0x0000, 0x0000, 0x0000, 0x0000,
    0x0000, 0x0000, 0x0000, 0x0000, 0x0000, 0x0000, 0x0000, 0x0000, 0x0000, 0x0000, 0x0000, 0x0000,
    0x0000, 0x0000, 0x0000, 0x0000, 0x0000, 0x0000, 0x0000, 0x0000, 0x0000, 0x0000, 0x0000, 0x0000,
    0x0000, 0x0000, 0x0000, 0x0000, 0x0000, 0x0000, 0x0000, 0x0000, 0x0000, 0x0000, 0x0000, 0x0000,
    0x0000, 0x0000, 0x0000, 0x0000, 0x0000, 0x0000, 0x0000, 0x0000, 0x0000, 0x0000, 0x0000, 0x0000,
    0x0000, 0x0000, 0x0000, 0x0000, 0x0000, 0x0000, 0x0000, 0x0000, 0x0000, 0x0000, 0x0000, 0x0000,
    0x0000, 0x0000, 0x0000, 0x0000, 0x0000, 0x0000, 0x0000, 0x0000, 0x0000, 0x0000, 0x0000, 0x0000,
    0x0000, 0x0000, 0x0000, 0x0000, 0x0000, 0x0000, 0x0000, 0x0000, 0x0000, 0x0000, 0x0000, 0x0000,
    0x0000, 0x0000, 0x0000, 0x0000, 0x0000, 0x0000, 0x0000, 0x0000, 0x0000, 0x0000, 0x0000, 0x0000,
    0x0000, 0x0000, 0x0000, 0x0000, 0x0000, 0x0000, 0x0000, 0x0000, 0x0000, 0x0000, 0x0000, 0x0000,
    0x0000, 0x0000, 0x0000, 0x0000, 0x0000, 0x0000, 0x0000, 0x0000, 0x0000, 0x0000, 0x0000, 0x0000,
    0x0000, 0x0000, 0x0000, 0x0000, 0x0000, 0x0000, 0x0000, 0x0000, 0x0000, 0x0000, 0x0000, 0x0000,
    0x0000, 0x0000, 0x0000, 0x0000, 0x0000, 0x0000, 0x0000, 0x0000, 0x0000, 0x0000, 0x0000, 0x0000,
    0x0000, 0x0000, 0x0000, 0x0000, 0x0000, 0x0000, 0x0000, 0x0000, 0x0000, 0x0000, 0x0000, 0x0000,
    0x0000, 0x0000, 0x0000, 0x0000, 0x0000, 0x0000, 0x0000, 0x0000, 0x0000, 0x0000, 0x0000, 0x0000,
    0x0000, 0x0000, 0x0000, 0x0000, 0x0000, 0x0000, 0x0000, 0x0000, 0x0000, 0x0000, 0x0000, 0x0000,
    0x0000, 0x0000, 0x0000, 0x0000, 0x0000, 0x0000, 0x0000, 0x0000, 0x0000, 0x0000, 0x0000, 0x0000,
    0x0000, 0x0000, 0x0000, 0x0000, 0x0000, 0x0000, 0x0000, 0x0000, 0x0000, 0x0000, 0x0000, 0x0000,
    0x0000, 0x0000, 0x0000, 0x0000, 0x0000, 0x0000, 0x0000, 0x0000, 0x0000, 0x0000, 0x0000, 0x0000,
    0x0000, 0x0000, 0x0000, 0x0000, 0x0000, 0x0000, 0x0000, 0x0000, 0x0000, 0x0000, 0x0000, 0x0000,
    0x0000, 0x0000, 0x0000, 0x0000, 0x0000, 0x0000, 0x0000, 0x0000, 0x0000, 0x0000, 0x0000, 0x0000,
    0x0000, 0x0000, 0x0000, 0x0000, 0x0000, 0x0000, 0x0000, 0x0000, 0x0000, 0x0000, 0x0000, 0x0000,
    0x0000, 0x0000, 0x0000, 0x0000, 0x0000, 0x0000, 0x0000, 0x0000, 0x0000, 0x0000, 0x0000, 0x0000,
    0x0000, 0x0000, 0x0000, 0x0000, 0x0000, 0x0000, 0x0000, 0x0000, 0x0000, 0x0000, 0x0000, 0x0000,
    0x0000, 0x0000, 0x0000, 0x0000, 0x0000, 0x0000, 0x0000, 0x0000, 0x0000, 0x0000, 0x0000, 0x0000,
    0x0000, 0x0000, 0x0000, 0x0000, 0x0021, 0x00A4, 0x098A, 0x124F, 0x12D2, 0x1B76, 0x1BD8, 0x1BF9,
    0x1C3B, 0x1C3B, 0x1BF9, 0x1BD8, 0x1376, 0x12D2, 0x124E, 0x098A, 0x00A4, 0x0021, 0x0000, 0x0000,
    0x0000, 0x0000, 0x0000, 0x0000, 0x0000, 0x0000, 0x0000, 0x0000, 0x0000, 0x0000, 0x0000, 0x0000,
    0x0000, 0x0000, 0x0000, 0x0000, 0x0000, 0x0000, 0x0000, 0x0000, 0x0000, 0x0000, 0x0000, 0x0000,
    0x0000, 0x0000, 0x0106, 0x0ACF, 0x1BB8, 0x1C7D, 0x24BE, 0x24BE, 0x24BE, 0x24BE, 0x24BE, 0x24BE,
    0x24BE, 0x24BE, 0x24BE, 0x24BE, 0x24BE, 0x24BE, 0x24BE, 0x24BE, 0x1C7D, 0x1BB8, 0x0AD0, 0x0126,
    0x0000, 0x0000, 0x0000, 0x0000, 0x0000, 0x0000, 0x0000, 0x0000, 0x0000, 0x0000, 0x0000, 0x0000,
    0x0000, 0x0000, 0x0000, 0x0000, 0x0000, 0x0000, 0x0000, 0x0000, 0x0000, 0x0000, 0x0000, 0x0041,
    0x09EC, 0x1BB8, 0x249E, 0x247E, 0x24BE, 0x24BE, 0x24BE, 0x24BE, 0x24BE, 0x24BE, 0x24BE, 0x24BE,
    0x24BE, 0x24BE, 0x24BE, 0x24BE, 0x24BE, 0x24BE, 0x24BE, 0x24BE, 0x24BE, 0x24BE, 0x247E, 0x24BE,
    0x1BD8, 0x0A0D, 0x0042, 0x0000, 0x0000, 0x0000, 0x0000, 0x0000, 0x0000, 0x0000, 0x0000, 0x0000,
    0x0000, 0x0000, 0x0000, 0x0000, 0x0000, 0x0000, 0x0000, 0x0000, 0x0000, 0x0042, 0x0A2D, 0x1C3A,
    0x24BE, 0x24BE, 0x24BE, 0x24BE, 0x24BE, 0x24BE, 0x24BE, 0x24BE, 0x24BE, 0x24BE, 0x24BE, 0x24BE,
    0x24BE, 0x24BE, 0x24BE, 0x24BE, 0x24BE, 0x24BE, 0x24BE, 0x24BE, 0x24BE, 0x24BE, 0x24BE, 0x24BE,
    0x249E, 0x24BE, 0x1C3A, 0x0A2E, 0x0042, 0x0000, 0x0000, 0x0000, 0x0000, 0x0000, 0x0000, 0x0000,
    0x0000, 0x0000, 0x0000, 0x0000, 0x0000, 0x0000, 0x0000, 0x0000, 0x098A, 0x1C3A, 0x24BE, 0x24BE,
    0x24BE, 0x24BE, 0x24BE, 0x24BE, 0x24BE, 0x24BE, 0x24BE, 0x24BE, 0x24BE, 0x24BE, 0x249D, 0x1C7C,
    0x1C5C, 0x1C5C, 0x1C7C, 0x249D, 0x24BE, 0x24BE, 0x24BE, 0x24BE, 0x24BE, 0x24BE, 0x24BE, 0x24BE,
    0x24BE, 0x24BE, 0x24BE, 0x24BE, 0x1C1A, 0x09AA, 0x0000, 0x0000, 0x0000, 0x0000, 0x0000, 0x0000,
    0x0000, 0x0000, 0x0000, 0x0000, 0x0000, 0x0000, 0x00A3, 0x1B35, 0x24BE, 0x24BE, 0x24BE, 0x24BE,
    0x24BE, 0x24BE, 0x24BE, 0x24BE, 0x24BE, 0x249D, 0x1BB7, 0x1290, 0x09EC, 0x0969, 0x00C5, 0x0083,
    0x0083, 0x0083, 0x0083, 0x00C5, 0x0969, 0x09EC, 0x12B0, 0x1BB8, 0x249D, 0x24BE, 0x24BE, 0x24BE,
    0x24BE, 0x24BE, 0x24BE, 0x24BE, 0x24BE, 0x24BE, 0x1B35, 0x0083, 0x0000, 0x0000, 0x0000, 0x0000,
    0x0000, 0x0000, 0x0000, 0x0000, 0x0000, 0x0968, 0x1C3A, 0x24BE, 0x24BE, 0x24BE, 0x24BE, 0x24BE,
    0x24BE, 0x24BE, 0x249D, 0x1B96, 0x0A0D, 0x00C5, 0x0000, 0x0000, 0x0000, 0x0000, 0x0000, 0x0000,
    0x0000, 0x0000, 0x0000, 0x0000, 0x0000, 0x0000, 0x0000, 0x0000, 0x00C5, 0x0A0D, 0x1B96, 0x249D,
    0x24BE, 0x24BE, 0x24BE, 0x24BE, 0x24BE, 0x24BE, 0x24BE, 0x1C3A, 0x0968, 0x0000, 0x0000, 0x0000,
    0x0000, 0x0000, 0x0000, 0x0000, 0x120E, 0x24BE, 0x249E, 0x24BE, 0x24BE, 0x24BE, 0x24BE, 0x24BE,
    0x249D, 0x12F3, 0x0106, 0x0000, 0x0000, 0x0000, 0x0000, 0x0000, 0x0000, 0x0000, 0x0000, 0x0000,
    0x0000, 0x0000, 0x0000, 0x0000, 0x0000, 0x0000, 0x0000, 0x0000, 0x0000, 0x0000, 0x0000, 0x00E6,
    0x12F3, 0x249D, 0x24BE, 0x24BE, 0x24BE, 0x24BE, 0x24BE, 0x249E, 0x24BE, 0x124E, 0x0000, 0x0000,
    0x0000, 0x0000, 0x0000, 0x1312, 0x247E, 0x24BE, 0x24BE, 0x24BE, 0x24BE, 0x24BE, 0x24BE, 0x1334,
    0x00E5, 0x0000, 0x0000, 0x0000, 0x0000, 0x0000, 0x0000, 0x0000, 0x0000, 0x0000, 0x0000, 0x0021,
    0x0041, 0x0041, 0x0021, 0x0000, 0x0000, 0x0000, 0x0000, 0x0000, 0x0000, 0x0000, 0x0000, 0x0000,
    0x0000, 0x00C5, 0x1354, 0x24BE, 0x24BE, 0x24BE, 0x24BE, 0x24BE, 0x24BE, 0x24BE, 0x12B2, 0x0000,
    0x0000, 0x0000, 0x0000, 0x122F, 0x24DE, 0x24BE, 0x24BE, 0x24BE, 0x24BE, 0x1C5B, 0x09AA, 0x0000,
    0x0000, 0x0000, 0x0000, 0x0000, 0x0000, 0x0000, 0x0063, 0x0969, 0x124F, 0x12F3, 0x1B96, 0x1BD9,
    0x1C1A, 0x1C1A, 0x1BD9, 0x1B96, 0x12F3, 0x124F, 0x0969, 0x0063, 0x0000, 0x0000, 0x0000, 0x0000,
    0x0000, 0x0000, 0x0000, 0x09AA, 0x1C5B, 0x24BE, 0x24BE, 0x24BE, 0x24BE, 0x24BE, 0x124F, 0x0000,
    0x0000, 0x0000, 0x0000, 0x0000, 0x09CB, 0x24BE, 0x24BE, 0x24BE, 0x1376, 0x00A4, 0x0000, 0x0000,
    0x0000, 0x0000, 0x0000, 0x0000, 0x0989, 0x1334, 0x1C5B, 0x24BE, 0x24BE, 0x24BE, 0x24BE, 0x24BE,
    0x24BE, 0x24BE, 0x24BE, 0x24BE, 0x24BE, 0x24BE, 0x24BE, 0x1C5C, 0x1334, 0x0969, 0x0000, 0x0000,
    0x0000, 0x0000, 0x0000, 0x0000, 0x0083, 0x1376, 0x24BE, 0x24BE, 0x24BE, 0x09EC, 0x0000, 0x0000,
    0x0000, 0x0000, 0x0000, 0x0000, 0x0000, 0x09EC, 0x24BE, 0x12F3, 0x0000, 0x0000, 0x0000, 0x0000,
    0x0000, 0x0000, 0x09AB, 0x1BD8, 0x24BE, 0x24BE, 0x24BE, 0x24BE, 0x24BE, 0x24BE, 0x24BE, 0x24BE,
    0x24BE, 0x24BE, 0x24BE, 0x24BE, 0x24BE, 0x24BE, 0x24BE, 0x24BE, 0x24BE, 0x24BE, 0x1BD8, 0x09AB,
    0x0000, 0x0000, 0x0000, 0x0000, 0x0000, 0x0000, 0x12F3, 0x24BE, 0x0A0C, 0x0000, 0x0000, 0x0000,
    0x0000, 0x0000, 0x0000, 0x0000, 0x0000, 0x0020, 0x0127, 0x0042, 0x0000, 0x0000, 0x0000, 0x0000,
    0x0106, 0x1BB7, 0x24BE, 0x24BE, 0x24BE, 0x24BE, 0x24BE, 0x24BE, 0x24BE, 0x24BE, 0x24BE, 0x24BE,
    0x24BE, 0x24BE, 0x24BE, 0x24BE, 0x24BE, 0x24BE, 0x24BE, 0x24BE, 0x24BE, 0x24BE, 0x24BE, 0x249E,
    0x13F8, 0x0127, 0x0000, 0x0000, 0x0000, 0x0000, 0x0042, 0x0127, 0x0021, 0x0000, 0x0000, 0x0000,
    0x0000, 0x0000, 0x0000, 0x0000, 0x0000, 0x0000, 0x0000, 0x0000, 0x0000, 0x0000, 0x0000, 0x0A2E,
    0x249D, 0x24BE, 0x24BE, 0x24BE, 0x24BE, 0x24BE, 0x24BE, 0x24BE, 0x24BE, 0x24BE, 0x24BE, 0x249D,
    0x1C7C, 0x1C7C, 0x249D, 0x24BE, 0x24BE, 0x24BE, 0x24BE, 0x24BE, 0x24BE, 0x24BE, 0x24BE, 0x24DE,
    0x24BE, 0x247D, 0x0A4E, 0x0000, 0x0000, 0x0000, 0x0000, 0x0000, 0x0000, 0x0000, 0x0000, 0x0000,
    0x0000, 0x0000, 0x0000, 0x0000, 0x0000, 0x0000, 0x0000, 0x0000, 0x0000, 0x0063, 0x1355, 0x24BE,
    0x24BE, 0x24BE, 0x24BE, 0x24BE, 0x24BE, 0x24BE, 0x24BE, 0x1C3A, 0x12F2, 0x0A0D, 0x0948, 0x00C5,
    0x0083, 0x0083, 0x00C5, 0x0968, 0x11ED, 0x12F3, 0x1C3A, 0x24BE, 0x24BE, 0x24BE, 0x24BE, 0x24BE,
    0x24BE, 0x24BE, 0x24BE, 0x1355, 0x0063, 0x0000, 0x0000, 0x0000, 0x0000, 0x0000, 0x0000, 0x0000,
    0x0000, 0x0000, 0x0000, 0x0000, 0x0000, 0x0000, 0x0000, 0x0000, 0x0000, 0x0989, 0x24BE, 0x24BE,
    0x24BE, 0x24BE, 0x24BE, 0x24BE, 0x24BE, 0x1396, 0x09AA, 0x0041, 0x0000, 0x0000, 0x0000, 0x0000,
    0x0000, 0x0000, 0x0000, 0x0000, 0x0000, 0x0000, 0x0041, 0x09AA, 0x13B6, 0x24BE, 0x24BE, 0x24BE,
    0x24BE, 0x24BE, 0x24BE, 0x24BE, 0x098A, 0x0000, 0x0000, 0x0000, 0x0000, 0x0000, 0x0000, 0x0000,
    0x0000, 0x0000, 0x0000, 0x0000, 0x0000, 0x0000, 0x0000, 0x0000, 0x0000, 0x0000, 0x09EC, 0x24BE,
    0x24BE, 0x24BE, 0x24DE, 0x1BD9, 0x0949, 0x0000, 0x0000, 0x0000, 0x0000, 0x0000, 0x0000, 0x0000,
    0x0000, 0x0000, 0x0000, 0x0000, 0x0000, 0x0000, 0x0000, 0x0000, 0x0000, 0x0969, 0x1BF8, 0x24BE,
    0x24BE, 0x24BE, 0x24BE, 0x0A0D, 0x0000, 0x0000, 0x0000, 0x0000, 0x0000, 0x0000, 0x0000, 0x0000,
    0x0000, 0x0000, 0x0000, 0x0000, 0x0000, 0x0000, 0x0000, 0x0000, 0x0000, 0x0000, 0x0000, 0x0A0D,
    0x24BE, 0x24BE, 0x12B1, 0x0021, 0x0000, 0x0000, 0x0000, 0x0000, 0x0000, 0x0000, 0x0000, 0x0020,
    0x0041, 0x0041, 0x0020, 0x0000, 0x0000, 0x0000, 0x0000, 0x0000, 0x0000, 0x0000, 0x0020, 0x1271,
    0x24BE, 0x249F, 0x0A0D, 0x0000, 0x0000, 0x0000, 0x0000, 0x0000, 0x0000, 0x0000, 0x0000, 0x0000,
    0x0000, 0x0000, 0x0000, 0x0000, 0x0000, 0x0000, 0x0000, 0x0000, 0x0000, 0x0000, 0x0000, 0x0000,
    0x0A0D, 0x122D, 0x0000, 0x0000, 0x0000, 0x0000, 0x0000, 0x0000, 0x00E5, 0x122E, 0x1313, 0x1BB7,
    0x1BF9, 0x1BF9, 0x1BB7, 0x1313, 0x0A2E, 0x00C5, 0x0000, 0x0000, 0x0000, 0x0000, 0x0000, 0x0000,
    0x09EB, 0x09EB, 0x0000, 0x0000, 0x0000, 0x0000, 0x0000, 0x0000, 0x0000, 0x0000, 0x0000, 0x0000,
    0x0000, 0x0000, 0x0000, 0x0000, 0x0000, 0x0000, 0x0000, 0x0000, 0x0000, 0x0000, 0x0000, 0x0000,
    0x0000, 0x0000, 0x0000, 0x0000, 0x0000, 0x0000, 0x0948, 0x1375, 0x249D, 0x24BE, 0x24BE, 0x24BE,
    0x24BE, 0x24BE, 0x24BE, 0x24BE, 0x24BE, 0x247D, 0x13B6, 0x0188, 0x0000, 0x0000, 0x0000, 0x0000,
    0x0000, 0x0000, 0x0020, 0x0000, 0x0000, 0x0000, 0x0000, 0x0000, 0x0000, 0x0000, 0x0000, 0x0000,
    0x0000, 0x0000, 0x0000, 0x0000, 0x0000, 0x0000, 0x0000, 0x0000, 0x0000, 0x0000, 0x0000, 0x0000,
    0x0000, 0x0000, 0x0000, 0x0000, 0x0062, 0x12F3, 0x24BE, 0x24BE, 0x24BE, 0x24BE, 0x24BE, 0x24BE,
    0x24BE, 0x24BE, 0x24BE, 0x24BE, 0x24BE, 0x24DE, 0x249E, 0x249E, 0x12D3, 0x0061, 0x09C3, 0x13A8,
    0x1C88, 0x1CC9, 0x1C6A, 0x1368, 0x09C4, 0x0020, 0x0000, 0x0000, 0x0000, 0x0000, 0x0000, 0x0000,
    0x0000, 0x0000, 0x0000, 0x0000, 0x0000, 0x0000, 0x0000, 0x0000, 0x0000, 0x0000, 0x0000, 0x0000,
    0x0000, 0x0000, 0x0000, 0x0042, 0x1BF9, 0x24BE, 0x24BE, 0x24BE, 0x24BE, 0x24BE, 0x24BE, 0x24BE,
    0x24BE, 0x24BE, 0x24BE, 0x24BE, 0x24BE, 0x24BE, 0x24BE, 0x249F, 0x24DC, 0x1D0D, 0x1D2A, 0x1D4C,
    0x1D2B, 0x1D2B, 0x1D0B, 0x1D0B, 0x1CEA, 0x13A8, 0x00A1, 0x0000, 0x0000, 0x0000, 0x0000, 0x0000,
    0x0000, 0x0000, 0x0000, 0x0000, 0x0000, 0x0000, 0x0000, 0x0000, 0x0000, 0x0000, 0x0000, 0x0000,
    0x0000, 0x0000, 0x0000, 0x0000, 0x0A2E, 0x24BE, 0x24BE, 0x24BE, 0x24BE, 0x24BE, 0x24BE, 0x24BE,
    0x1C9D, 0x1C9D, 0x24BE, 0x24BE, 0x24BE, 0x24BE, 0x24BF, 0x24DC, 0x256C, 0x1D69, 0x1D2C, 0x1D2B,
    0x1D2B, 0x1D0B, 0x1D0B, 0x1CEB, 0x1CEB, 0x1CCA, 0x1469, 0x00C1, 0x0000, 0x0000, 0x0000, 0x0000,
    0x0000, 0x0000, 0x0000, 0x0000, 0x0000, 0x0000, 0x0000, 0x0000, 0x0000, 0x0000, 0x0000, 0x0000,
    0x0000, 0x0000, 0x0000, 0x0000, 0x0000, 0x0A0D, 0x24BE, 0x24BE, 0x24BE, 0x1BD8, 0x124E, 0x0948,
    0x00C5, 0x00C5, 0x0948, 0x0A4E, 0x1BD8, 0x24BF, 0x24BF, 0x1D4F, 0x2568, 0x1D2C, 0x1D2B, 0x1D2B,
    0x1D0B, 0x1D0B, 0x1CEB, 0x1D0B, 0x0488, 0x0447, 0x14AA, 0x0B67, 0x0000, 0x0000, 0x0000, 0x0000,
    0x0000, 0x0000, 0x0000, 0x0000, 0x0000, 0x0000, 0x0000, 0x0000, 0x0000, 0x0000, 0x0000, 0x0000,
    0x0000, 0x0000, 0x0000, 0x0000, 0x0000, 0x0000, 0x0A2D, 0x249D, 0x0A0C, 0x0000, 0x0000, 0x0000,
    0x0000, 0x0000, 0x0000, 0x0000, 0x0000, 0x09CC, 0x1C96, 0x2569, 0x1D4B, 0x1D2B, 0x1D2B, 0x1D0B,
    0x1D0B, 0x1CEB, 0x1CEB, 0x0488, 0x1CAA, 0x34EC, 0x0C89, 0x1489, 0x01C3, 0x0000, 0x0000, 0x0000,
    0x0000, 0x0000, 0x0000, 0x0000, 0x0000, 0x0000, 0x0000, 0x0000, 0x0000, 0x0000, 0x0000, 0x0000,
    0x0000, 0x0000, 0x0000, 0x0000, 0x0000, 0x0000, 0x0021, 0x0083, 0x0000, 0x0000, 0x0000, 0x0000,
    0x0000, 0x0000, 0x0000, 0x0000, 0x0000, 0x0000, 0x1367, 0x1D4B, 0x254C, 0x0CEA, 0x0488, 0x14EA,
    0x1CEB, 0x1CEB, 0x0447, 0x1448, 0xEF9D, 0xEFBE, 0x0C48, 0x0448, 0x0B26, 0x0000, 0x0000, 0x0000,
    0x0000, 0x0000, 0x0000, 0x0000, 0x0000, 0x0000, 0x0000, 0x0000, 0x0000, 0x0000, 0x0000, 0x0000,
    0x0000, 0x0000, 0x0000, 0x0000, 0x0000, 0x0000, 0x0000, 0x0000, 0x0000, 0x0000, 0x0000, 0x0000,
    0x0062, 0x0062, 0x0000, 0x0000, 0x0000, 0x0040, 0x1C48, 0x1D2C, 0x150A, 0x3D6E, 0x5590, 0x0488,
    0x14EA, 0x0467, 0x0C48, 0xCF1A, 0xFFFF, 0x75B1, 0x0427, 0x0C69, 0x0BA7, 0x0020, 0x0000, 0x0000,
    0x0000, 0x0000, 0x0000, 0x0000, 0x0000, 0x0000, 0x0000, 0x0000, 0x0000, 0x0000, 0x0000, 0x0000,
    0x0000, 0x0000, 0x0000, 0x0000, 0x0000, 0x0000, 0x0000, 0x0000, 0x0000, 0x0000, 0x0000, 0x1290,
    0x1C5B, 0x1C5B, 0x1290, 0x0000, 0x0000, 0x0081, 0x1CAA, 0x1D2B, 0x0467, 0x9675, 0xFFFF, 0x6DD2,
    0x03C4, 0x1468, 0xCF3B, 0xFFFF, 0x5D4F, 0x03A4, 0x0C69, 0x0C69, 0x0BA7, 0x0060, 0x0000, 0x0000,
    0x0000, 0x0000, 0x0000, 0x0000, 0x0000, 0x0000, 0x0000, 0x0000, 0x0000, 0x0000, 0x0000, 0x0000,
    0x0000, 0x0000, 0x0000, 0x0000, 0x0000, 0x0000, 0x0000, 0x0000, 0x0000, 0x0000, 0x12B1, 0x24BE,
    0x24BE, 0x24BE, 0x24BE, 0x12B2, 0x0000, 0x0040, 0x1468, 0x1D0B, 0x0CCA, 0x14AA, 0xC71A, 0xFFFF,
    0x6DB1, 0xCF1A, 0xFFFF, 0x552E, 0x03C5, 0x0C69, 0x0C69, 0x0C49, 0x0B87, 0x0020, 0x0000, 0x0000,
    0x0000, 0x0000, 0x0000, 0x0000, 0x0000, 0x0000, 0x0000, 0x0000, 0x0000, 0x0000, 0x0000, 0x0000,
    0x0000, 0x0000, 0x0000, 0x0000, 0x0000, 0x0000, 0x0000, 0x0000, 0x0000, 0x0063, 0x1C1A, 0x24BE,
    0x24BE, 0x24BE, 0x24BE, 0x1C1B, 0x0042, 0x0000, 0x0B46, 0x1D0B, 0x1D0B, 0x0467, 0x0C48, 0xB6F9,
    0xFFFF, 0xFFFF, 0x6570, 0x03A4, 0x0C69, 0x1469, 0x0C49, 0x0C48, 0x02E6, 0x0000, 0x0000, 0x0000,
    0x0000, 0x0000, 0x0000, 0x0000, 0x0000, 0x0000, 0x0000, 0x0000, 0x0000, 0x0000, 0x0000, 0x0000,
    0x0000, 0x0000, 0x0000, 0x0000, 0x0000, 0x0000, 0x0000, 0x0000, 0x0000, 0x0083, 0x1C1A, 0x24BE,
    0x24BE, 0x24BE, 0x24BE, 0x1C1B, 0x0063, 0x0000, 0x01C4, 0x1D0A, 0x1CEA, 0x1CEB, 0x0467, 0x0C48,
    0xBEFA, 0x6590, 0x03C5, 0x0C69, 0x1469, 0x0C49, 0x0C28, 0x0C28, 0x0183, 0x0000, 0x0000, 0x0000,
    0x0000, 0x0000, 0x0000, 0x0000, 0x0000, 0x0000, 0x0000, 0x0000, 0x0000, 0x0000, 0x0000, 0x0000,
    0x0000, 0x0000, 0x0000, 0x0000, 0x0000, 0x0000, 0x0000, 0x0000, 0x0000, 0x0000, 0x1290, 0x24BE,
    0x24BE, 0x24BE, 0x249E, 0x12B1, 0x0000, 0x0000, 0x0000, 0x13C8, 0x14CA, 0x14CA, 0x14CA, 0x0C68,
    0x0407, 0x0427, 0x0C69, 0x0C69, 0x0C48, 0x0C48, 0x0C28, 0x0306, 0x0000, 0x0000, 0x0000, 0x0000,
    0x0000, 0x0000, 0x0000, 0x0000, 0x0000, 0x0000, 0x0000, 0x0000, 0x0000, 0x0000, 0x0000, 0x0000,
    0x0000, 0x0000, 0x0000, 0x0000, 0x0000, 0x0000, 0x0000, 0x0000, 0x0000, 0x0000, 0x0020, 0x12B0,
    0x1C3B, 0x1C3B, 0x1290, 0x0020, 0x0000, 0x0000, 0x0000, 0x0102, 0x1449, 0x14AA, 0x148A, 0x148A,
    0x0448, 0x0C69, 0x1469, 0x0C48, 0x0C28, 0x0C28, 0x03A7, 0x0081, 0x0000, 0x0000, 0x0000, 0x0000,
    0x0000, 0x0000, 0x0000, 0x0000, 0x0000, 0x0000, 0x0000, 0x0000, 0x0000, 0x0000, 0x0000, 0x0000,
    0x0000, 0x0000, 0x0000, 0x0000, 0x0000, 0x0000, 0x0000, 0x0000, 0x0000, 0x0000, 0x0000, 0x0000,
    0x0042, 0x0042, 0x0000, 0x0000, 0x0000, 0x0000, 0x0000, 0x0000, 0x00C1, 0x0BA8, 0x1489, 0x1489,
    0x1469, 0x0C49, 0x0C49, 0x0C48, 0x0C28, 0x0326, 0x0081, 0x0000, 0x0000, 0x0000, 0x0000, 0x0000,
    0x0000, 0x0000, 0x0000, 0x0000, 0x0000, 0x0000, 0x0000, 0x0000, 0x0000, 0x0000, 0x0000, 0x0000,
    0x0000, 0x0000, 0x0000, 0x0000, 0x0000, 0x0000, 0x0000, 0x0000, 0x0000, 0x0000, 0x0000, 0x0000,
    0x0000, 0x0000, 0x0000, 0x0000, 0x0000, 0x0000, 0x0000, 0x0000, 0x0000, 0x0000, 0x0183, 0x0AE6,
    0x0BA7, 0x0BC8, 0x0B87, 0x02C6, 0x0163, 0x0020, 0x0000, 0x0000, 0x0000, 0x0000, 0x0000, 0x0000,
    0x0000, 0x0000, 0x0000, 0x0000, 0x0000, 0x0000, 0x0000, 0x0000, 0x0000, 0x0000, 0x0000, 0x0000,
    0x0000, 0x0000, 0x0000, 0x0000, 0x0000, 0x0000, 0x0000, 0x0000, 0x0000, 0x0000, 0x0000, 0x0000,
    0x0000, 0x0000, 0x0000, 0x0000, 0x0000, 0x0000, 0x0000, 0x0000, 0x0000, 0x0000, 0x0000, 0x0000,
    0x0000, 0x0000, 0x0000, 0x0000, 0x0000, 0x0000, 0x0000, 0x0000, 0x0000, 0x0000, 0x0000, 0x0000,
    0x0000, 0x0000, 0x0000, 0x0000, 0x0000, 0x0000, 0x0000, 0x0000, 0x0000, 0x0000, 0x0000, 0x0000,
    0x0000, 0x0000, 0x0000, 0x0000, 0x0000, 0x0000, 0x0000, 0x0000, 0x0000, 0x0000, 0x0000, 0x0000,
    0x0000, 0x0000, 0x0000, 0x0000, 0x0000, 0x0000, 0x0000, 0x0000, 0x0000, 0x0000, 0x0000, 0x0000,
    0x0000, 0x0000, 0x0000, 0x0000, 0x0000, 0x0000, 0x0000, 0x0000, 0x0000, 0x0000, 0x0000, 0x0000
};
#define WIFI_F_48_WIDTH 48
#define WIFI_F_48_HEIGHT 48
const uint16_t wifi_f_48[2304] PROGMEM = {
    0x0000, 0x0000, 0x0000, 0x0000, 0x0000, 0x0000, 0x0000, 0x0000, 0x0000, 0x0000, 0x0000, 0x0000,
    0x0000, 0x0000, 0x0000, 0x0000, 0x0000, 0x0000, 0x0000, 0x0000, 0x0000, 0x0000, 0x0000, 0x0000,
    0x0000, 0x0000, 0x0000, 0x0000, 0x0000, 0x0000, 0x0000, 0x0000, 0x0000, 0x0000, 0x0000, 0x0000,
    0x0000, 0x0000, 0x0000, 0x0000, 0x0000, 0x0000, 0x0000, 0x0000, 0x0000, 0x0000, 0x0000, 0x0000,
    0x0000, 0x0000, 0x0000, 0x0000, 0x0000, 0x0000, 0x0000, 0x0000, 0x0000, 0x0000, 0x0000, 0x0000,
    0x0000, 0x0000, 0x0000, 0x0000, 0x0000, 0x0000, 0x0000, 0x0000, 0x0000, 0x0000, 0x0000, 0x0000,
    0x0000, 0x0000, 0x0000, 0x0000, 0x0000, 0x0000, 0x0000, 0x0000, 0x0000, 0x0000, 0x0000, 0x0000,
    0x0000, 0x0000, 0x0000, 0x0000, 0x0000, 0x0000, 0x0000, 0x0000, 0x0000, 0x0000, 0x0000, 0x0000,
    0x0000, 0x0000, 0x0000, 0x0000, 0x0000, 0x0000, 0x0000, 0x0000, 0x0000, 0x0000, 0x0000, 0x0000,
    0x0000, 0x0000, 0x0000, 0x0000, 0x0000, 0x0000, 0x0000, 0x0000, 0x0000, 0x0000, 0x0000, 0x0000,
    0x0000, 0x0000, 0x0000, 0x0000, 0x0000, 0x0000, 0x0000, 0x0000, 0x0000, 0x0000, 0x0000, 0x0000,
    0x0000, 0x0000, 0x0000, 0x0000, 0x0000, 0x0000, 0x0000, 0x0000, 0x0000, 0x0000, 0x0000, 0x0000,
    0x0000, 0x0000, 0x0000, 0x0000, 0x0000, 0x0000, 0x0000, 0x0000, 0x0000, 0x0000, 0x0000, 0x0000,
    0x0000, 0x0000, 0x0000, 0x0000, 0x0000, 0x0000, 0x0000, 0x0000, 0x0000, 0x0000, 0x0000, 0x0000,
    0x0000, 0x0000, 0x0000, 0x0000, 0x0000, 0x0000, 0x0000, 0x0000, 0x0000, 0x0000, 0x0000, 0x0000,
    0x0000, 0x0000, 0x0000, 0x0000, 0x0000, 0x0000, 0x0000, 0x0000, 0x0000, 0x0000, 0x0000, 0x0000,
    0x0000, 0x0000, 0x0000, 0x0000, 0x0000, 0x0000, 0x0000, 0x0000, 0x0000, 0x0000, 0x0000, 0x0000,
    0x0000, 0x0000, 0x0000, 0x0000, 0x0000, 0x0000, 0x0000, 0x0000, 0x0000, 0x0000, 0x0000, 0x0000,
    0x0000, 0x0000, 0x0000, 0x0000, 0x0000, 0x0000, 0x0000, 0x0000, 0x0000, 0x0000, 0x0000, 0x0000,
    0x0000, 0x0000, 0x0000, 0x0000, 0x0000, 0x0000, 0x0000, 0x0000, 0x0000, 0x0000, 0x0000, 0x0000,
    0x0000, 0x0000, 0x0000, 0x0000, 0x0000, 0x0000, 0x0000, 0x0000, 0x0000, 0x0000, 0x0000, 0x0000,
    0x0000, 0x0000, 0x0000, 0x0000, 0x0000, 0x0000, 0x0000, 0x0000, 0x0000, 0x0000, 0x0000, 0x0000,
    0x0000, 0x0000, 0x0000, 0x0000, 0x0000, 0x0000, 0x0000, 0x0000, 0x0000, 0x0000, 0x0000, 0x0000,
    0x0000, 0x0000, 0x0000, 0x0000, 0x0000, 0x0000, 0x0000, 0x0000, 0x0000, 0x0000, 0x0000, 0x0000,
    0x0000, 0x0000, 0x0000, 0x0000, 0x0000, 0x0000, 0x0000, 0x0000, 0x0000, 0x0000, 0x0000, 0x0000,
    0x0000, 0x0000, 0x0000, 0x0000, 0x0000, 0x0000, 0x0000, 0x0000, 0x0000, 0x0000, 0x0000, 0x0000,
    0x0000, 0x0000, 0x0000, 0x0000, 0x0000, 0x0000, 0x0000, 0x0000, 0x0000, 0x0000, 0x0000, 0x0000,
    0x0000, 0x0000, 0x0000, 0x0000, 0x0000, 0x0000, 0x0000, 0x0000, 0x0000, 0x0000, 0x0000, 0x0000,
    0x0000, 0x0000, 0x0000, 0x0000, 0x0000, 0x0000, 0x0000, 0x0000, 0x0000, 0x0000, 0x0000, 0x0000,
    0x0000, 0x0000, 0x0000, 0x0000, 0x0000, 0x0000, 0x0000, 0x0000, 0x0000, 0x0000, 0x0000, 0x0000,
    0x0000, 0x0000, 0x0000, 0x0000, 0x0000, 0x0000, 0x0000, 0x0000, 0x0000, 0x0000, 0x0000, 0x0000,
    0x0000, 0x0000, 0x0000, 0x0000, 0x0000, 0x0000, 0x0000, 0x0000, 0x0000, 0x0000, 0x0000, 0x0000,
    0x0000, 0x0000, 0x0000, 0x0000, 0x0000, 0x0000, 0x0000, 0x0000, 0x0000, 0x0000, 0x0000, 0x0000,
    0x0000, 0x0000, 0x0000, 0x0000, 0x0000, 0x0000, 0x0000, 0x0000, 0x0000, 0x0000, 0x0000, 0x0000,
    0x0000, 0x0000, 0x0000, 0x0000, 0x0000, 0x0000, 0x0000, 0x0000, 0x0000, 0x0000, 0x0000, 0x0000,
    0x0000, 0x0000, 0x0000, 0x0000, 0x0000, 0x0000, 0x0000, 0x0000, 0x0000, 0x0000, 0x0000, 0x0000,
    0x0000, 0x0000, 0x0000, 0x0000, 0x0000, 0x0000, 0x0000, 0x0000, 0x0000, 0x0000, 0x0000, 0x0000,
    0x0000, 0x0000, 0x0000, 0x0000, 0x0000, 0x0000, 0x0000, 0x0000, 0x0000, 0x0000, 0x0000, 0x0000,
    0x0000, 0x0000, 0x0000, 0x0000, 0x0000, 0x0000, 0x0000, 0x0000, 0x0000, 0x0000, 0x0000, 0x0000,
    0x0000, 0x0000, 0x0000, 0x0000, 0x0000, 0x0000, 0x0000, 0x0000, 0x0000, 0x0000, 0x0000, 0x0000,
    0x0000, 0x0000, 0x0000, 0x0000, 0x0000, 0x0000, 0x0000, 0x0000, 0x0000, 0x0000, 0x0000, 0x0000,
    0x0000, 0x0000, 0x0000, 0x0000, 0x0000, 0x0000, 0x0000, 0x0000, 0x0000, 0x0000, 0x0000, 0x0000,
    0x0000, 0x0000, 0x0000, 0x0000, 0x0000, 0x0000, 0x0000, 0x0000, 0x0000, 0x0000, 0x0000, 0x0000,
    0x0000, 0x0000, 0x0000, 0x0000, 0x0000, 0x0000, 0x0000, 0x0000, 0x0000, 0x0000, 0x0000, 0x0000,
    0x0000, 0x0000, 0x0000, 0x0000, 0x0000, 0x0000, 0x0000, 0x0000, 0x0000, 0x0000, 0x0000, 0x0000,
    0x0000, 0x0000, 0x0000, 0x0000, 0x0021, 0x00A4, 0x098A, 0x124F, 0x12D2, 0x1B76, 0x1BD8, 0x1BF9,
    0x1C3B, 0x1C3B, 0x1BF9, 0x1BD8, 0x1376, 0x12D2, 0x124E, 0x098A, 0x00A4, 0x0021, 0x0000, 0x0000,
    0x0000, 0x0000, 0x0000, 0x0000, 0x0000, 0x0000, 0x0000, 0x0000, 0x0000, 0x0000, 0x0000, 0x0000,
    0x0000, 0x0000, 0x0000, 0x0000, 0x0000, 0x0000, 0x0000, 0x0000, 0x0000, 0x0000, 0x0000, 0x0000,
    0x0000, 0x0000, 0x0106, 0x0ACF, 0x1BB8, 0x1C7D, 0x24BE, 0x24BE, 0x24BE, 0x24BE, 0x24BE, 0x24BE,
    0x24BE, 0x24BE, 0x24BE, 0x24BE, 0x24BE, 0x24BE, 0x24BE, 0x24BE, 0x1C7D, 0x1BB8, 0x0AD0, 0x0126,
    0x0000, 0x0000, 0x0000, 0x0000, 0x0000, 0x0000, 0x0000, 0x0000, 0x0000, 0x0000, 0x0000, 0x0000,
    0x0000, 0x0000, 0x0000, 0x0000, 0x0000, 0x0000, 0x0000, 0x0000, 0x0000, 0x0000, 0x0000, 0x0041,
    0x09EC, 0x1BB8, 0x249E, 0x247E, 0x24BE, 0x24BE, 0x24BE, 0x24BE, 0x24BE, 0x24BE, 0x24BE, 0x24BE,
    0x24BE, 0x24BE, 0x24BE, 0x24BE, 0x24BE, 0x24BE, 0x24BE, 0x24BE, 0x24BE, 0x24BE, 0x247E, 0x24BE,
    0x1BD8, 0x0A0D, 0x0042, 0x0000, 0x0000, 0x0000, 0x0000, 0x0000, 0x0000, 0x0000, 0x0000, 0x0000,
    0x0000, 0x0000, 0x0000, 0x0000, 0x0000, 0x0000, 0x0000, 0x0000, 0x0000, 0x0042, 0x0A2D, 0x1C3A,
    0x24BE, 0x24BE, 0x24BE, 0x24BE, 0x24BE, 0x24BE, 0x24BE, 0x24BE, 0x24BE, 0x24BE, 0x24BE, 0x24BE,
    0x24BE, 0x24BE, 0x24BE, 0x24BE, 0x24BE, 0x24BE, 0x24BE, 0x24BE, 0x24BE, 0x24BE, 0x24BE, 0x24BE,
    0x249E, 0x24BE, 0x1C3A, 0x0A2E, 0x0042, 0x0000, 0x0000, 0x0000, 0x0000, 0x0000, 0x0000, 0x0000,
    0x0000, 0x0000, 0x0000, 0x0000, 0x0000, 0x0000, 0x0000, 0x0000, 0x098A, 0x1C3A, 0x24BE, 0x24BE,
    0x24BE, 0x24BE, 0x24BE, 0x24BE, 0x24BE, 0x24BE, 0x24BE, 0x24BE, 0x24BE, 0x24BE, 0x249D, 0x1C7C,
    0x1C5C, 0x1C5C, 0x1C7C, 0x249D, 0x24BE, 0x24BE, 0x24BE, 0x24BE, 0x24BE, 0x24BE, 0x24BE, 0x24BE,
    0x24BE, 0x24BE, 0x24BE, 0x24BE, 0x1C1A, 0x09AA, 0x0000, 0x0000, 0x0000, 0x0000, 0x0000, 0x0000,
    0x0000, 0x0000, 0x0000, 0x0000, 0x0000, 0x0000, 0x00A3, 0x1B35, 0x24BE, 0x24BE, 0x24BE, 0x24BE,
    0x24BE, 0x24BE, 0x24BE, 0x24BE, 0x24BE, 0x249D, 0x1BB7, 0x1290, 0x09EC, 0x0969, 0x00C5, 0x0083,
    0x0083, 0x0083, 0x0083, 0x00C5, 0x0969, 0x09EC, 0x12B0, 0x1BB8, 0x249D, 0x24BE, 0x24BE, 0x24BE,
    0x24BE, 0x24BE, 0x24BE, 0x24BE, 0x24BE, 0x24BE, 0x1B35, 0x0083, 0x0000, 0x0000, 0x0000, 0x0000,
    0x0000, 0x0000, 0x0000, 0x0000, 0x0000, 0x0968, 0x1C3A, 0x24BE, 0x24BE, 0x24BE, 0x24BE, 0x24BE,
    0x24BE, 0x24BE, 0x249D, 0x1B96, 0x0A0D, 0x00C5, 0x0000, 0x0000, 0x0000, 0x0000, 0x0000, 0x0000,
    0x0000, 0x0000, 0x0000, 0x0000, 0x0000, 0x0000, 0x0000, 0x0000, 0x00C5, 0x0A0D, 0x1B96, 0x249D,
    0x24BE, 0x24BE, 0x24BE, 0x24BE, 0x24BE, 0x24BE, 0x24BE, 0x1C3A, 0x0968, 0x0000, 0x0000, 0x0000,
    0x0000, 0x0000, 0x0000, 0x0000, 0x120E, 0x24BE, 0x249E, 0x24BE, 0x24BE, 0x24BE, 0x24BE, 0x24BE,
    0x249D, 0x12F3, 0x0106, 0x0000, 0x0000, 0x0000, 0x0000, 0x0000, 0x0000, 0x0000, 0x0000, 0x0000,
    0x0000, 0x0000, 0x0000, 0x0000, 0x0000, 0x0000, 0x0000, 0x0000, 0x0000, 0x0000, 0x0000, 0x00E6,
    0x12F3, 0x249D, 0x24BE, 0x24BE, 0x24BE, 0x24BE, 0x24BE, 0x249E, 0x24BE, 0x124E, 0x0000, 0x0000,
    0x0000, 0x0000, 0x0000, 0x1312, 0x247E, 0x24BE, 0x24BE, 0x24BE, 0x24BE, 0x24BE, 0x24BE, 0x1334,
    0x00E5, 0x0000, 0x0000, 0x0000, 0x0000, 0x0000, 0x0000, 0x0000, 0x0000, 0x0000, 0x0000, 0x0021,
    0x0041, 0x0041, 0x0021, 0x0000, 0x0000, 0x0000, 0x0000, 0x0000, 0x0000, 0x0000, 0x0000, 0x0000,
    0x0000, 0x00C5, 0x1354, 0x24BE, 0x24BE, 0x24BE, 0x24BE, 0x24BE, 0x24BE, 0x24BE, 0x12B2, 0x0000,
    0x0000, 0x0000, 0x0000, 0x122F, 0x24DE, 0x24BE, 0x24BE, 0x24BE, 0x24BE, 0x1C5B, 0x09AA, 0x0000,
    0x0000, 0x0000, 0x0000, 0x0000, 0x0000, 0x0000, 0x0063, 0x0969, 0x124F, 0x12F3, 0x1B96, 0x1BD9,
    0x1C1A, 0x1C1A, 0x1BD9, 0x1B96, 0x12F3, 0x124F, 0x0969, 0x0063, 0x0000, 0x0000, 0x0000, 0x0000,
    0x0000, 0x0000, 0x0000, 0x09AA, 0x1C5B, 0x24BE, 0x24BE, 0x24BE, 0x24BE, 0x24BE, 0x124F, 0x0000,
    0x0000, 0x0000, 0x0000, 0x0000, 0x09CB, 0x24BE, 0x24BE, 0x24BE, 0x1376, 0x00A4, 0x0000, 0x0000,
    0x0000, 0x0000, 0x0000, 0x0000, 0x0989, 0x1334, 0x1C5B, 0x24BE, 0x24BE, 0x24BE, 0x24BE, 0x24BE,
    0x24BE, 0x24BE, 0x24BE, 0x24BE, 0x24BE, 0x24BE, 0x24BE, 0x1C5C, 0x1334, 0x0969, 0x0000, 0x0000,
    0x0000, 0x0000, 0x0000, 0x0000, 0x0083, 0x1376, 0x24BE, 0x24BE, 0x24BE, 0x09EC, 0x0000, 0x0000,
    0x0000, 0x0000, 0x0000, 0x0000, 0x0000, 0x09EC, 0x24BE, 0x12F3, 0x0000, 0x0000, 0x0000, 0x0000,
    0x0000, 0x0000, 0x09AB, 0x1BD8, 0x24BE, 0x24BE, 0x24BE, 0x24BE, 0x24BE, 0x24BE, 0x24BE, 0x24BE,
    0x24BE, 0x24BE, 0x24BE, 0x24BE, 0x24BE, 0x24BE, 0x24BE, 0x24BE, 0x24BE, 0x24BE, 0x1BD8, 0x09AB,
    0x0000, 0x0000, 0x0000, 0x0000, 0x0000, 0x0000, 0x12F3, 0x24BE, 0x0A0C, 0x0000, 0x0000, 0x0000,
    0x0000, 0x0000, 0x0000, 0x0000, 0x0000, 0x0020, 0x0127, 0x0042, 0x0000, 0x0000, 0x0000, 0x0000,
    0x0106, 0x1BB7, 0x24BE, 0x24BE, 0x24BE, 0x24BE, 0x24BE, 0x24BE, 0x24BE, 0x24BE, 0x24BE, 0x24BE,
    0x24BE, 0x24BE, 0x24BE, 0x24BE, 0x24BE, 0x24BE, 0x24BE, 0x24BE, 0x24BE, 0x24BE, 0x24BE, 0x249E,
    0x13F8, 0x0127, 0x0000, 0x0000, 0x0000, 0x0000, 0x0042, 0x0127, 0x0021, 0x0000, 0x0000, 0x0000,
    0x0000, 0x0000, 0x0000, 0x0000, 0x0000, 0x0000, 0x0000, 0x0000, 0x0000, 0x0000, 0x0000, 0x0A2E,
    0x249D, 0x24BE, 0x24BE, 0x24BE, 0x24BE, 0x24BE, 0x24BE, 0x24BE, 0x24BE, 0x24BE, 0x24BE, 0x249D,
    0x1C7C, 0x1C7C, 0x249D, 0x24BE, 0x24BE, 0x24BE, 0x24BE, 0x24BE, 0x24BE, 0x24BE, 0x24BE, 0x24DE,
    0x24BE, 0x247D, 0x0A4E, 0x0000, 0x0000, 0x0000, 0x0000, 0x0000, 0x0000, 0x0000, 0x0000, 0x0000,
    0x0000, 0x0000, 0x0000, 0x0000, 0x0000, 0x0000, 0x0000, 0x0000, 0x0000, 0x0063, 0x1355, 0x24BE,
    0x24BE, 0x24BE, 0x24BE, 0x24BE, 0x24BE, 0x24BE, 0x24BE, 0x1C3A, 0x12F2, 0x0A0D, 0x0948, 0x00C5,
    0x0083, 0x0083, 0x00C5, 0x0968, 0x11ED, 0x12F3, 0x1C3A, 0x24BE, 0x24BE, 0x24BE, 0x24BE, 0x24BE,
    0x24BE, 0x24BE, 0x24BE, 0x1355, 0x0063, 0x0000, 0x0000, 0x0000, 0x0000, 0x0000, 0x0000, 0x0000,
    0x0000, 0x0000, 0x0000, 0x0000, 0x0000, 0x0000, 0x0000, 0x0000, 0x0000, 0x0989, 0x24BE, 0x24BE,
    0x24BE, 0x24BE, 0x24BE, 0x24BE, 0x24BE, 0x1396, 0x09AA, 0x0041, 0x0000, 0x0000, 0x0000, 0x0000,
    0x0000, 0x0000, 0x0000, 0x0000, 0x0000, 0x0000, 0x0041, 0x09AA, 0x13B6, 0x24BE, 0x24BE, 0x24BE,
    0x24BE, 0x24BE, 0x24BE, 0x24BE, 0x098A, 0x0000, 0x0000, 0x0000, 0x0000, 0x0000, 0x0000, 0x0000,
    0x0000, 0x0000, 0x0000, 0x0000, 0x0000, 0x0000, 0x0000, 0x0000, 0x0000, 0x0000, 0x09EC, 0x24BE,
    0x24BE, 0x24BE, 0x24DE, 0x1BD9, 0x0949, 0x0000, 0x0000, 0x0000, 0x0000, 0x0000, 0x0000, 0x0000,
    0x0000, 0x0000, 0x0000, 0x0000, 0x0000, 0x0000, 0x0000, 0x0000, 0x0000, 0x0169, 0x1BF8, 0x24BE,
    0x24BE, 0x24BE, 0x1CBE, 0x020D, 0x0000, 0x0000, 0x0000, 0x0000, 0x0000, 0x0000, 0x0000, 0x0000,
    0x0000, 0x0000, 0x0000, 0x0000, 0x0000, 0x0000, 0x0000, 0x0000, 0x0000, 0x0000, 0x0000, 0x0A0D,
    0x24BE, 0x24BE, 0x12B1, 0x0021, 0x0000, 0x0000, 0x0000, 0x0000, 0x0000, 0x0000, 0x0000, 0x0020,
    0x0041, 0x0041, 0x0020, 0x0000, 0x0000, 0x0000, 0x0000, 0x0000, 0x0000, 0x0000, 0x0020, 0x02D1,
    0x14FE, 0x0CFF, 0x022D, 0x0000, 0x0000, 0x0000, 0x0000, 0x0000, 0x0000, 0x0000, 0x0000, 0x0000,
    0x0000, 0x0000, 0x0000, 0x0000, 0x0000, 0x0000, 0x0000, 0x0000, 0x0000, 0x0000, 0x0000, 0x0000,
    0x0A0D, 0x122D, 0x0000, 0x0000, 0x0000, 0x0000, 0x0000, 0x0000, 0x00E5, 0x122E, 0x1313, 0x1BB7,
    0x1BF9, 0x1BF9, 0x1BB7, 0x1313, 0x0A2E, 0x00C5, 0x0000, 0x0000, 0x0000, 0x0000, 0x0000, 0x0000,
    0x11CB, 0x11CB, 0x0000, 0x0000, 0x0000, 0x0000, 0x0000, 0x0000, 0x0000, 0x0000, 0x0000, 0x0000,
    0x0000, 0x0000, 0x0000, 0x0000, 0x0000, 0x0000, 0x0000, 0x0000, 0x0000, 0x0000, 0x0000, 0x0000,
    0x0000, 0x0000, 0x0000, 0x0000, 0x0000, 0x0000, 0x0948, 0x1375, 0x249D, 0x24BE, 0x24BE, 0x24BE,
    0x24BE, 0x24BE, 0x24BE, 0x24BE, 0x24BE, 0x247D, 0x13B6, 0x0188, 0x0000, 0x0000, 0x0000, 0x0000,
    0x0000, 0x0000, 0x0800, 0x0000, 0x0000, 0x0000, 0x0000, 0x0000, 0x0000, 0x0000, 0x0000, 0x0000,
    0x0000, 0x0000, 0x0000, 0x0000, 0x0000, 0x0000, 0x0000, 0x0000, 0x0000, 0x0000, 0x0000, 0x0000,
    0x0000, 0x0000, 0x0000, 0x0000, 0x0062, 0x12F3, 0x24BE, 0x24BE, 0x24BE, 0x24BE, 0x24BE, 0x24BE,
    0x24BE, 0x24BE, 0x24BE, 0x24BE, 0x24BE, 0x24DE, 0x249E, 0x249E, 0x0353, 0x0841, 0x5081, 0xA965,
    0xD983, 0xE9A4, 0xD1C6, 0xA984, 0x58C2, 0x0000, 0x0000, 0x0000, 0x0000, 0x0000, 0x0000, 0x0000,
    0x0000, 0x0000, 0x0000, 0x0000, 0x0000, 0x0000, 0x0000, 0x0000, 0x0000, 0x0000, 0x0000, 0x0000,
    0x0000, 0x0000, 0x0000, 0x0042, 0x1BF9, 0x24BE, 0x24BE, 0x24BE, 0x24BE, 0x24BE, 0x24BE, 0x24BE,
    0x24BE, 0x24BE, 0x24BE, 0x24BE, 0x24BE, 0x24BE, 0x24BE, 0x051F, 0x347B, 0xCA49, 0xF9C4, 0xF206,
    0xF206, 0xF206, 0xF227, 0xF207, 0xF207, 0xB985, 0x2040, 0x0000, 0x0000, 0x0000, 0x0000, 0x0000,
    0x0000, 0x0000, 0x0000, 0x0000, 0x0000, 0x0000, 0x0000, 0x0000, 0x0000, 0x0000, 0x0000, 0x0000,
    0x0000, 0x0000, 0x0000, 0x0000, 0x0A2E, 0x24BE, 0x24BE, 0x24BE, 0x24BE, 0x24BE, 0x24BE, 0x24BE,
    0x1C9D, 0x1C9D, 0x24BE, 0x24BE, 0x24BE, 0x24BE, 0x0D1F, 0x3C7B, 0xEA06, 0xF9C3, 0xF227, 0xF206,
    0xF226, 0xF206, 0xF206, 0xF206, 0xF206, 0xF206, 0xD9E6, 0x2041, 0x0000, 0x0000, 0x0000, 0x0000,
    0x0000, 0x0000, 0x0000, 0x0000, 0x0000, 0x0000, 0x0000, 0x0000, 0x0000, 0x0000, 0x0000, 0x0000,
    0x0000, 0x0000, 0x0000, 0x0000, 0x0000, 0x0A0D, 0x24BE, 0x24BE, 0x24BE, 0x1BD8, 0x124E, 0x0948,
    0x00C5, 0x00C5, 0x0948, 0x0A4E, 0x1BD8, 0x14FF, 0x0CFF, 0xCA6A, 0xF981, 0xF227, 0xF1A4, 0xF122,
    0xF1E6, 0xF247, 0xF1E6, 0xF122, 0xF1A4, 0xF227, 0xF206, 0xB164, 0x0000, 0x0000, 0x0000, 0x0000,
    0x0000, 0x0000, 0x0000, 0x0000, 0x0000, 0x0000, 0x0000, 0x0000, 0x0000, 0x0000, 0x0000, 0x0000,
    0x0000, 0x0000, 0x0000, 0x0000, 0x0000, 0x0000, 0x0A2D, 0x249D, 0x0A0C, 0x0000, 0x0000, 0x0000,
    0x0000, 0x0000, 0x0000, 0x0000, 0x0000, 0x022C, 0x6393, 0xF9A2, 0xFA06, 0xF1C5, 0xF32B, 0xFCB1,
    0xF184, 0xF143, 0xF1A5, 0xFCD2, 0xF30A, 0xF1A5, 0xF206, 0xF206, 0x58C2, 0x0000, 0x0000, 0x0000,
    0x0000, 0x0000, 0x0000, 0x0000, 0x0000, 0x0000, 0x0000, 0x0000, 0x0000, 0x0000, 0x0000, 0x0000,
    0x0000, 0x0000, 0x0000, 0x0000, 0x0000, 0x0000, 0x0021, 0x0083, 0x0000, 0x0000, 0x0000, 0x0000,
    0x0000, 0x0000, 0x0000, 0x0000, 0x0000, 0x0000, 0xA143, 0xF9E5, 0xF227, 0xF143, 0xFCB1, 0xFFFF,
    0xFD75, 0xF0E1, 0xFCF2, 0xFFFF, 0xFC91, 0xF143, 0xF206, 0xF206, 0xB184, 0x0000, 0x0000, 0x0000,
    0x0000, 0x0000, 0x0000, 0x0000, 0x0000, 0x0000, 0x0000, 0x0000, 0x0000, 0x0000, 0x0000, 0x0000,
    0x0000, 0x0000, 0x0000, 0x0000, 0x0000, 0x0000, 0x0000, 0x0000, 0x0000, 0x0000, 0x0000, 0x0000,
    0x0062, 0x0062, 0x0000, 0x0000, 0x0000, 0x0800, 0xC984, 0xF227, 0xF226, 0xF1E6, 0xF1C5, 0xFD34,
    0xFFFF, 0xFEDA, 0xFFFF, 0xFD54, 0xF1C5, 0xF1E5, 0xF206, 0xF206, 0xC9C5, 0x0800, 0x0000, 0x0000,
    0x0000, 0x0000, 0x0000, 0x0000, 0x0000, 0x0000, 0x0000, 0x0000, 0x0000, 0x0000, 0x0000, 0x0000,
    0x0000, 0x0000, 0x0000, 0x0000, 0x0000, 0x0000, 0x0000, 0x0000, 0x0000, 0x0000, 0x0000, 0x1290,
    0x1C5B, 0x1C5B, 0x1290, 0x0000, 0x0000, 0x1820, 0xE1C5, 0xF206, 0xF206, 0xF247, 0xF143, 0xF0C1,
    0xFE99, 0xFFFF, 0xFEDA, 0xF0A0, 0xF143, 0xF247, 0xF206, 0xF206, 0xD1C5, 0x1020, 0x0000, 0x0000,
    0x0000, 0x0000, 0x0000, 0x0000, 0x0000, 0x0000, 0x0000, 0x0000, 0x0000, 0x0000, 0x0000, 0x0000,
    0x0000, 0x0000, 0x0000, 0x0000, 0x0000, 0x0000, 0x0000, 0x0000, 0x0000, 0x0000, 0x12B1, 0x24BE,
    0x24BE, 0x24BE, 0x24BE, 0x0AD2, 0x0000, 0x0820, 0xD964, 0xF226, 0xF226, 0xF1E6, 0xF1C5, 0xFD54,
    0xFFFF, 0xFEBA, 0xFFFF, 0xFD75, 0xF1C5, 0xF1C5, 0xF206, 0xF226, 0xC9A5, 0x0800, 0x0000, 0x0000,
    0x0000, 0x0000, 0x0000, 0x0000, 0x0000, 0x0000, 0x0000, 0x0000, 0x0000, 0x0000, 0x0000, 0x0000,
    0x0000, 0x0000, 0x0000, 0x0000, 0x0000, 0x0000, 0x0000, 0x0000, 0x0000, 0x0063, 0x1C1A, 0x24BE,
    0x24BE, 0x24BE, 0x24BE, 0x143B, 0x0042, 0x0000, 0xA962, 0xF207, 0xF226, 0xF143, 0xFCB1, 0xFFFF,
    0xFD75, 0xF0E1, 0xFCF2, 0xFFFF, 0xFC70, 0xF123, 0xF206, 0xF207, 0xB184, 0x0000, 0x0000, 0x0000,
    0x0000, 0x0000, 0x0000, 0x0000, 0x0000, 0x0000, 0x0000, 0x0000, 0x0000, 0x0000, 0x0000, 0x0000,
    0x0000, 0x0000, 0x0000, 0x0000, 0x0000, 0x0000, 0x0000, 0x0000, 0x0000, 0x0083, 0x1C1A, 0x24BE,
    0x24BE, 0x24BE, 0x24BE, 0x141B, 0x0063, 0x0000, 0x6120, 0xF1C7, 0xF226, 0xF1C5, 0xF32B, 0xFCB1,
    0xF1A4, 0xF143, 0xF1A5, 0xFCD2, 0xF30A, 0xF1A5, 0xF206, 0xF1E7, 0x60E2, 0x0000, 0x0000, 0x0000,
    0x0000, 0x0000, 0x0000, 0x0000, 0x0000, 0x0000, 0x0000, 0x0000, 0x0000, 0x0000, 0x0000, 0x0000,
    0x0000, 0x0000, 0x0000, 0x0000, 0x0000, 0x0000, 0x0000, 0x0000, 0x0000, 0x0000, 0x1290, 0x24BE,
    0x24BE, 0x24BE, 0x249E, 0x0AB1, 0x0000, 0x0000, 0x0000, 0xB985, 0xF206, 0xF227, 0xF1A5, 0xF143,
    0xF1E6, 0xF247, 0xF1E6, 0xF143, 0xF1A5, 0xF227, 0xF206, 0xB184, 0x0000, 0x0000, 0x0000, 0x0000,
    0x0000, 0x0000, 0x0000, 0x0000, 0x0000, 0x0000, 0x0000, 0x0000, 0x0000, 0x0000, 0x0000, 0x0000,
    0x0000, 0x0000, 0x0000, 0x0000, 0x0000, 0x0000, 0x0000, 0x0000, 0x0000, 0x0000, 0x0020, 0x12B0,
    0x1C3B, 0x1C3B, 0x1290, 0x0020, 0x0000, 0x0000, 0x0000, 0x3061, 0xD9E6, 0xF206, 0xF226, 0xF206,
    0xF226, 0xF226, 0xF206, 0xF206, 0xF226, 0xF226, 0xD9E6, 0x2041, 0x0000, 0x0000, 0x0000, 0x0000,
    0x0000, 0x0000, 0x0000, 0x0000, 0x0000, 0x0000, 0x0000, 0x0000, 0x0000, 0x0000, 0x0000, 0x0000,
    0x0000, 0x0000, 0x0000, 0x0000, 0x0000, 0x0000, 0x0000, 0x0000, 0x0000, 0x0000, 0x0000, 0x0000,
    0x0042, 0x0042, 0x0000, 0x0000, 0x0000, 0x0000, 0x0000, 0x0000, 0x2841, 0xC1A5, 0xF207, 0xF207,
    0xF226, 0xF206, 0xF206, 0xF207, 0xF207, 0xB9A5, 0x2040, 0x0000, 0x0000, 0x0000, 0x0000, 0x0000,
    0x0000, 0x0000, 0x0000, 0x0000, 0x0000, 0x0000, 0x0000, 0x0000, 0x0000, 0x0000, 0x0000, 0x0000,
    0x0000, 0x0000, 0x0000, 0x0000, 0x0000, 0x0000, 0x0000, 0x0000, 0x0000, 0x0000, 0x0000, 0x0000,
    0x0000, 0x0000, 0x0000, 0x0000, 0x0000, 0x0000, 0x0000, 0x0000, 0x0000, 0x0000, 0x58C2, 0xA184,
    0xC9A5, 0xD9C6, 0xC9A5, 0xA184, 0x50C2, 0x0000, 0x0000, 0x0000, 0x0000, 0x0000, 0x0000, 0x0000,
    0x0000, 0x0000, 0x0000, 0x0000, 0x0000, 0x0000, 0x0000, 0x0000, 0x0000, 0x0000, 0x0000, 0x0000,
    0x0000, 0x0000, 0x0000, 0x0000, 0x0000, 0x0000, 0x0000, 0x0000, 0x0000, 0x0000, 0x0000, 0x0000,
    0x0000, 0x0000, 0x0000, 0x0000, 0x0000, 0x0000, 0x0000, 0x0000, 0x0000, 0x0000, 0x0000, 0x0000,
    0x0000, 0x0000, 0x0000, 0x0000, 0x0000, 0x0000, 0x0000, 0x0000, 0x0000, 0x0000, 0x0000, 0x0000,
    0x0000, 0x0000, 0x0000, 0x0000, 0x0000, 0x0000, 0x0000, 0x0000, 0x0000, 0x0000, 0x0000, 0x0000,
    0x0000, 0x0000, 0x0000, 0x0000, 0x0000, 0x0000, 0x0000, 0x0000, 0x0000, 0x0000, 0x0000, 0x0000,
    0x0000, 0x0000, 0x0000, 0x0000, 0x0000, 0x0000, 0x0000, 0x0000, 0x0000, 0x0000, 0x0000, 0x0000,
    0x0000, 0x0000, 0x0000, 0x0000, 0x0000, 0x0000, 0x0000, 0x0000, 0x0000, 0x0000, 0x0000, 0x0000
};
#define ERROR_48_WIDTH 48
#define ERROR_48_HEIGHT 48
const uint16_t error_48[2304] PROGMEM = {
    0x0000, 0x0000, 0x0000, 0x0000, 0x0000, 0x0000, 0x0000, 0x0000, 0x0000, 0x0000, 0x0000, 0x0000,
    0x0000, 0x0000, 0x0000, 0x0000, 0x0000, 0x0000, 0x0000, 0x0000, 0x0000, 0x0000, 0x0000, 0x0000,
    0x0000, 0x0000, 0x0000, 0x0000, 0x0000, 0x0000, 0x0000, 0x0000, 0x0000, 0x0000, 0x0000, 0x0000,
    0x0000, 0x0000, 0x0000, 0x0000, 0x0000, 0x0000, 0x0000, 0x0000, 0x0000, 0x0000, 0x0000, 0x0000,
    0x0000, 0x0000, 0x0000, 0x0000, 0x0000, 0x0000, 0x0000, 0x0000, 0x0000, 0x0000, 0x0000, 0x0000,
    0x0000, 0x0000, 0x0000, 0x0000, 0x0000, 0x0000, 0x0000, 0x0000, 0x0000, 0x0000, 0x0000, 0x0000,
    0x0000, 0x0000, 0x0000, 0x0000, 0x0000, 0x0000, 0x0000, 0x0000, 0x0000, 0x0000, 0x0000, 0x0000,
    0x0000, 0x0000, 0x0000, 0x0000, 0x0000, 0x0000, 0x0000, 0x0000, 0x0000, 0x0000, 0x0000, 0x0000,
    0x0000, 0x0000, 0x0000, 0x0000, 0x0000, 0x0000, 0x0000, 0x0000, 0x0000, 0x0000, 0x0000, 0x0000,
    0x0000, 0x0000, 0x0000, 0x0000, 0x0000, 0x0000, 0x0000, 0x0000, 0x0000, 0x0000, 0x0000, 0x0000,
    0x0000, 0x0000, 0x0000, 0x0000, 0x0000, 0x0000, 0x0000, 0x0000, 0x0000, 0x0000, 0x0000, 0x0000,
    0x0000, 0x0000, 0x0000, 0x0000, 0x0000, 0x0000, 0x0000, 0x0000, 0x0000, 0x0000, 0x0000, 0x0000,
    0x0000, 0x0000, 0x0000, 0x0000, 0x0000, 0x0000, 0x0000, 0x0000, 0x0000, 0x0000, 0x0000, 0x0000,
    0x0000, 0x0000, 0x0000, 0x0000, 0x0000, 0x0000, 0x0000, 0x0000, 0x0000, 0x0000, 0x0000, 0x0000,
    0x0000, 0x0000, 0x0000, 0x0000, 0x0000, 0x0000, 0x0000, 0x0000, 0x0000, 0x0000, 0x0000, 0x0000,
    0x0000, 0x0000, 0x0000, 0x0000, 0x0000, 0x0000, 0x0000, 0x0000, 0x0000, 0x0000, 0x0000, 0x0000,
    0x0000, 0x0000, 0x0000, 0x0000, 0x0000, 0x0000, 0x0000, 0x0000, 0x0000, 0x0000, 0x0000, 0x0000,
    0x0000, 0x0000, 0x0000, 0x0000, 0x0000, 0x0000, 0x0000, 0x0000, 0x0000, 0x0000, 0x0000, 0x0000,
    0x0000, 0x0000, 0x0000, 0x0000, 0x0000, 0x0000, 0x0000, 0x0000, 0x0000, 0x0000, 0x0000, 0x0000,
    0x0000, 0x0000, 0x0000, 0x0000, 0x0000, 0x0000, 0x0000, 0x0000, 0x0000, 0x0000, 0x0000, 0x0000,
    0x0000, 0x0000, 0x0000, 0x0000, 0x0000, 0x0000, 0x0000, 0x0000, 0x0000, 0x0000, 0x0000, 0x0000,
    0x0000, 0x0000, 0x0000, 0x0000, 0x0000, 0x0000, 0x1020, 0x4081, 0x70E3, 0x9944, 0xB985, 0xC9A5,
    0xD9C6, 0xD9C6, 0xC9A5, 0xB985, 0x9944, 0x68E3, 0x3881, 0x1020, 0x0000, 0x0000, 0x0000, 0x0000,
    0x0000, 0x0000, 0x0000, 0x0000, 0x0000, 0x0000, 0x0000, 0x0000, 0x0000, 0x0000, 0x0000, 0x0000,
    0x0000, 0x0000, 0x0000, 0x0000, 0x0000, 0x0000, 0x0000, 0x0000, 0x0000, 0x0000, 0x0000, 0x0000,
    0x0000, 0x0000, 0x0000, 0x0000, 0x2841, 0x8142, 0xC9A5, 0xF226, 0xF206, 0xF206, 0xF206, 0xF206,
    0xF206, 0xF206, 0xF206, 0xF206, 0xF206, 0xF206, 0xF206, 0xC9A5, 0x8124, 0x2840, 0x0000, 0x0000,
    0x0000, 0x0000, 0x0000, 0x0000, 0x0000, 0x0000, 0x0000, 0x0000, 0x0000, 0x0000, 0x0000, 0x0000,
    0x0000, 0x0000, 0x0000, 0x0000, 0x0000, 0x0000, 0x0000, 0x0000, 0x0000, 0x0000, 0x0000, 0x0000,
    0x0000, 0x0000, 0x1820, 0x9143, 0xE1E6, 0xF1E7, 0xF206, 0xF206, 0xF206, 0xF206, 0xF206, 0xF206,
    0xF206, 0xF206, 0xF206, 0xF206, 0xF206, 0xF206, 0xF206, 0xF226, 0xF206, 0xE1E6, 0x9143, 0x1820,
    0x0000, 0x0000, 0x0000, 0x0000, 0x0000, 0x0000, 0x0000, 0x0000, 0x0000, 0x0000, 0x0000, 0x0000,
    0x0000, 0x0000, 0x0000, 0x0000, 0x0000, 0x0000, 0x0000, 0x0000, 0x0000, 0x0000, 0x0000, 0x0000,
    0x0000, 0x58C2, 0xD1C5, 0xF206, 0xF206, 0xF206, 0xF206, 0xF206, 0xF206, 0xF206, 0xF206, 0xF206,
    0xF206, 0xF206, 0xF206, 0xF206, 0xF206, 0xF206, 0xF206, 0xF206, 0xF206, 0xF206, 0xF206, 0xD1C5,
    0x58C2, 0x0000, 0x0000, 0x0000, 0x0000, 0x0000, 0x0000, 0x0000, 0x0000, 0x0000, 0x0000, 0x0000,
    0x0000, 0x0000, 0x0000, 0x0000, 0x0000, 0x0000, 0x0000, 0x0000, 0x0000, 0x0000, 0x0000, 0x0000,
    0x8123, 0xF206, 0xF206, 0xF206, 0xF206, 0xF206, 0xF206, 0xF206, 0xF206, 0xF206, 0xF206, 0xF206,
    0xF206, 0xF206, 0xF206, 0xF206, 0xF206, 0xF206, 0xF206, 0xF206, 0xF206, 0xF206, 0xF206, 0xF206,
    0xF206, 0x8923, 0x0000, 0x0000, 0x0000, 0x0000, 0x0000, 0x0000, 0x0000, 0x0000, 0x0000, 0x0000,
    0x0000, 0x0000, 0x0000, 0x0000, 0x0000, 0x0000, 0x0000, 0x0000, 0x0000, 0x0000, 0x0800, 0xA164,
    0xF206, 0xF206, 0xF206, 0xF206, 0xF206, 0xF206, 0xF206, 0xF206, 0xF206, 0xF206, 0xF206, 0xF206,
    0xF206, 0xF206, 0xF206, 0xF206, 0xF206, 0xF206, 0xF206, 0xF206, 0xF206, 0xF206, 0xF206, 0xF206,
    0xF206, 0xF206, 0xA164, 0x0800, 0x0000, 0x0000, 0x0000, 0x0000, 0x0000, 0x0000, 0x0000, 0x0000,
    0x0000, 0x0000, 0x0000, 0x0000, 0x0000, 0x0000, 0x0000, 0x0000, 0x0000, 0x0000, 0xA144, 0xF206,
    0xF206, 0xF206, 0xF206, 0xF206, 0xF206, 0xF206, 0xF206, 0xF206, 0xF206, 0xF206, 0xF206, 0xF206,
    0xF206, 0xF206, 0xF206, 0xF206, 0xF206, 0xF206, 0xF206, 0xF206, 0xF206, 0xF206, 0xF206, 0xF206,
    0xF206, 0xF206, 0xF206, 0xA164, 0x0000, 0x0000, 0x0000, 0x0000, 0x0000, 0x0000, 0x0000, 0x0000,
    0x0000, 0x0000, 0x0000, 0x0000, 0x0000, 0x0000, 0x0000, 0x0000, 0x0000, 0x8923, 0xF206, 0xF206,
    0xF206, 0xF206, 0xF206, 0xF206, 0xF206, 0xF206, 0xF206, 0xF206, 0xF206, 0xF206, 0xF206, 0xF206,
    0xF206, 0xF206, 0xF206, 0xF206, 0xF206, 0xF206, 0xF206, 0xF206, 0xF206, 0xF206, 0xF206, 0xF206,
    0xF206, 0xF206, 0xF206, 0xF206, 0x8923, 0x0000, 0x0000, 0x0000, 0x0000, 0x0000, 0x0000, 0x0000,
    0x0000, 0x0000, 0x0000, 0x0000, 0x0000, 0x0000, 0x0000, 0x0000, 0x50A2, 0xF207, 0xF206, 0xF206,
    0xF206, 0xF206, 0xF206, 0xF206, 0xF206, 0xF206, 0xF206, 0xF206, 0xF206, 0xF206, 0xF206, 0xF206,
    0xF206, 0xF206, 0xF206, 0xF206, 0xF206, 0xF206, 0xF206, 0xF206, 0xF206, 0xF206, 0xF206, 0xF206,
    0xF206, 0xF206, 0xF206, 0xF206, 0xF206, 0x50A2, 0x0000, 0x0000, 0x0000, 0x0000, 0x0000, 0x0000,
    0x0000, 0x0000, 0x0000, 0x0000, 0x0000, 0x0000, 0x0000, 0x1020, 0xD9E6, 0xF206, 0xF206, 0xF206,
    0xF206, 0xF206, 0xF206, 0xF206, 0xF206, 0xF206, 0xF226, 0xF227, 0xF206, 0xF206, 0xF206, 0xF206,
    0xF206, 0xF206, 0xF206, 0xF206, 0xF206, 0xF206, 0xF227, 0xF226, 0xF206, 0xF206, 0xF206, 0xF206,
    0xF206, 0xF206, 0xF206, 0xF206, 0xF206, 0xD9E6, 0x1020, 0x0000, 0x0000, 0x0000, 0x0000, 0x0000,
    0x0000, 0x0000, 0x0000, 0x0000, 0x0000, 0x0000, 0x0000, 0x9143, 0xF207, 0xF206, 0xF206, 0xF206,
    0xF206, 0xF206, 0xF206, 0xF206, 0xF206, 0xF227, 0xF1E5, 0xF164, 0xF206, 0xF227, 0xF206, 0xF206,
    0xF206, 0xF206, 0xF206, 0xF206, 0xF227, 0xF206, 0xF164, 0xF1C5, 0xF227, 0xF206, 0xF206, 0xF206,
    0xF206, 0xF206, 0xF206, 0xF206, 0xF206, 0xF206, 0x9124, 0x0000, 0x0000, 0x0000, 0x0000, 0x0000,
    0x0000, 0x0000, 0x0000, 0x0000, 0x0000, 0x0000, 0x2060, 0xE9C6, 0xF206, 0xF206, 0xF206, 0xF206,
    0xF206, 0xF206, 0xF206, 0xF206, 0xF227, 0xF184, 0xF226, 0xF38C, 0xF1A4, 0xF1E5, 0xF227, 0xF206,
    0xF206, 0xF206, 0xF206, 0xF227, 0xF1E6, 0xF184, 0xF38C, 0xF227, 0xF184, 0xF227, 0xF206, 0xF206,
    0xF206, 0xF206, 0xF206, 0xF206, 0xF206, 0xF226, 0xEA27, 0x2020, 0x0000, 0x0000, 0x0000, 0x0000,
    0x0000, 0x0000, 0x0000, 0x0000, 0x0000, 0x0000, 0x8162, 0xF1E7, 0xF206, 0xF206, 0xF206, 0xF206,
    0xF206, 0xF206, 0xF206, 0xF227, 0xF184, 0xF122, 0xFDD6, 0xFFFF, 0xFC2F, 0xF0E1, 0xF206, 0xF227,
    0xF206, 0xF206, 0xF227, 0xF206, 0xF0E1, 0xFC2F, 0xFFFF, 0xFDF6, 0xF122, 0xF184, 0xF227, 0xF206,
    0xF206, 0xF206, 0xF206, 0xF206, 0xF206, 0xF226, 0xF247, 0x80C2, 0x0000, 0x0000, 0x0000, 0x0000,
    0x0000, 0x0000, 0x0000, 0x0000, 0x0000, 0x0800, 0xD1A6, 0xF226, 0xF206, 0xF206, 0xF206, 0xF206,
    0xF206, 0xF206, 0xF226, 0xF1E5, 0xF206, 0xFDF7, 0xFFFF, 0xFFFF, 0xFFFF, 0xFC0F, 0xF102, 0xF206,
    0xF227, 0xF227, 0xF206, 0xF102, 0xFC0F, 0xFFFF, 0xFFFF, 0xFFFF, 0xFDF7, 0xF206, 0xF1C5, 0xF226,
    0xF206, 0xF206, 0xF206, 0xF206, 0xF206, 0xF206, 0xF206, 0xC9C6, 0x0800, 0x0000, 0x0000, 0x0000,
    0x0000, 0x0000, 0x0000, 0x0000, 0x0000, 0x3881, 0xF206, 0xF206, 0xF206, 0xF206, 0xF206, 0xF206,
    0xF206, 0xF206, 0xF227, 0xF164, 0xF36C, 0xFFFF, 0xFFFF, 0xFFFF, 0xFFFF, 0xFFFF, 0xFC0F, 0xF0E1,
    0xF1E6, 0xF1E6, 0xF0E1, 0xFC0E, 0xFFFF, 0xFFFF, 0xFFFF, 0xFFFF, 0xFFFF, 0xF38C, 0xF163, 0xF227,
    0xF206, 0xF206, 0xF206, 0xF206, 0xF206, 0xF206, 0xF206, 0xF206, 0x3881, 0x0000, 0x0000, 0x0000,
    0x0000, 0x0000, 0x0000, 0x0000, 0x0000, 0x7103, 0xF206, 0xF206, 0xF206, 0xF206, 0xF206, 0xF206,
    0xF206, 0xF206, 0xF206, 0xF206, 0xF184, 0xFC0F, 0xFFFF, 0xFFFF, 0xFFFF, 0xFFFF, 0xFFFF, 0xFC0F,
    0xF0C1, 0xF0C1, 0xFC0F, 0xFFFF, 0xFFFF, 0xFFFF, 0xFFFF, 0xFFFF, 0xFC0F, 0xF1A4, 0xF206, 0xF206,
    0xF206, 0xF206, 0xF206, 0xF206, 0xF206, 0xF206, 0xF206, 0xF206, 0x68E3, 0x0000, 0x0000, 0x0000,
    0x0000, 0x0000, 0x0000, 0x0000, 0x0000, 0x9944, 0xF206, 0xF206, 0xF206, 0xF206, 0xF206, 0xF206,
    0xF206, 0xF206, 0xF206, 0xF227, 0xF1E6, 0xF0E1, 0xF40E, 0xFFFF, 0xFFFF, 0xFFFF, 0xFFFF, 0xFFFF,
    0xF38D, 0xF38C, 0xFFFF, 0xFFFF, 0xFFFF, 0xFFFF, 0xFFFF, 0xF40F, 0xF0E1, 0xF1E5, 0xF227, 0xF206,
    0xF206, 0xF206, 0xF206, 0xF206, 0xF206, 0xF206, 0xF206, 0xF206, 0x9944, 0x0000, 0x0000, 0x0000,
    0x0000, 0x0000, 0x0000, 0x0000, 0x0000, 0xB985, 0xF206, 0xF206, 0xF206, 0xF206, 0xF206, 0xF206,
    0xF206, 0xF206, 0xF206, 0xF206, 0xF227, 0xF206, 0xF0E1, 0xF40F, 0xFFFF, 0xFFFF, 0xFFFF, 0xFFFF,
    0xFFFF, 0xFFFF, 0xFFFF, 0xFFFF, 0xFFFF, 0xFFFF, 0xF40F, 0xF102, 0xF206, 0xF227, 0xF206, 0xF206,
    0xF206, 0xF206, 0xF206, 0xF206, 0xF206, 0xF206, 0xF206, 0xF206, 0xB985, 0x0000, 0x0000, 0x0000,
    0x0000, 0x0000, 0x0000, 0x0000, 0x0000, 0xD1C5, 0xF206, 0xF206, 0xF206, 0xF206, 0xF206, 0xF206,
    0xF206, 0xF206, 0xF206, 0xF206, 0xF206, 0xF227, 0xF1E6, 0xF0E1, 0xFC0F, 0xFFFF, 0xFFFF, 0xFFFF,
    0xFFFF, 0xFFFF, 0xFFFF, 0xFFFF, 0xFFFF, 0xFC2F, 0xF0E1, 0xF1E6, 0xF227, 0xF206, 0xF206, 0xF206,
    0xF206, 0xF206, 0xF206, 0xF206, 0xF206, 0xF206, 0xF206, 0xF206, 0xC9C5, 0x0000, 0x0000, 0x0000,
    0x0000, 0x0000, 0x0000, 0x0000, 0x0000, 0xD9C5, 0xF206, 0xF206, 0xF206, 0xF206, 0xF206, 0xF206,
    0xF206, 0xF206, 0xF206, 0xF206, 0xF206, 0xF206, 0xF227, 0xF1E6, 0xF0E1, 0xF36C, 0xFFDE, 0xFFFF,
    0xFFFF, 0xFFFF, 0xFFFF, 0xFFDF, 0xF38C, 0xF0C1, 0xF1E6, 0xF227, 0xF206, 0xF206, 0xF206, 0xF206,
    0xF206, 0xF206, 0xF206, 0xF206, 0xF206, 0xF206, 0xF206, 0xF206, 0xD9C6, 0x0000, 0x0000, 0x0000,
    0x0000, 0x0000, 0x0000, 0x0000, 0x0000, 0xD9C5, 0xF206, 0xF206, 0xF206, 0xF206, 0xF206, 0xF206,
    0xF206, 0xF206, 0xF206, 0xF206, 0xF206, 0xF206, 0xF227, 0xF1E6, 0xF0E1, 0xF38C, 0xFFDE, 0xFFFF,
    0xFFFF, 0xFFFF, 0xFFFF, 0xFFDF, 0xF38D, 0xF0C1, 0xF1E6, 0xF227, 0xF206, 0xF206, 0xF206, 0xF206,
    0xF206, 0xF206, 0xF206, 0xF206, 0xF206, 0xF206, 0xF206, 0xF206, 0xD9C6, 0x0000, 0x0000, 0x0000,
    0x0000, 0x0000, 0x0000, 0x0000, 0x0000, 0xD1C5, 0xF206, 0xF206, 0xF206, 0xF206, 0xF206, 0xF206,
    0xF206, 0xF206, 0xF206, 0xF206, 0xF206, 0xF227, 0xF206, 0xF0E1, 0xFC0F, 0xFFFF, 0xFFFF, 0xFFFF,
    0xFFFF, 0xFFFF, 0xFFFF, 0xFFFF, 0xFFFF, 0xFC2F, 0xF0E1, 0xF1E6, 0xF227, 0xF206, 0xF206, 0xF206,
    0xF206, 0xF206, 0xF206, 0xF206, 0xF206, 0xF206, 0xF206, 0xF206, 0xC9C5, 0x0000, 0x0000, 0x0000,
    0x0000, 0x0000, 0x0000, 0x0000, 0x0000, 0xB985, 0xF206, 0xF206, 0xF206, 0xF206, 0xF206, 0xF206,
    0xF206, 0xF206, 0xF206, 0xF206, 0xF227, 0xF206, 0xF102, 0xF40F, 0xFFFF, 0xFFFF, 0xFFFF, 0xFFFF,
    0xFFFF, 0xFFFF, 0xFFFF, 0xFFFF, 0xFFFF, 0xFFFF, 0xF40F, 0xF102, 0xF206, 0xF227, 0xF206, 0xF206,
    0xF206, 0xF206, 0xF206, 0xF206, 0xF206, 0xF206, 0xF206, 0xF206, 0xB985, 0x0000, 0x0000, 0x0000,
    0x0000, 0x0000, 0x0000, 0x0000, 0x0000, 0x9944, 0xF206, 0xF206, 0xF206, 0xF206, 0xF206, 0xF206,
    0xF206, 0xF206, 0xF206, 0xF227, 0xF1E5, 0xF0E1, 0xF40F, 0xFFFF, 0xFFFF, 0xFFFF, 0xFFFF, 0xFFFF,
    0xF38D, 0xF36C, 0xFFFF, 0xFFFF, 0xFFFF, 0xFFFF, 0xFFFF, 0xF40F, 0xF0E1, 0xF1E5, 0xF227, 0xF206,
    0xF206, 0xF206, 0xF206, 0xF206, 0xF206, 0xF206, 0xF206, 0xF206, 0x9944, 0x0000, 0x0000, 0x0000,
    0x0000, 0x0000, 0x0000, 0x0000, 0x0000, 0x7102, 0xF206, 0xF206, 0xF206, 0xF206, 0xF206, 0xF206,
    0xF206, 0xF206, 0xF206, 0xF206, 0xF184, 0xFC0F, 0xFFFF, 0xFFFF, 0xFFFF, 0xFFFF, 0xFFFF, 0xFC0F,
    0xF0C1, 0xF0C1, 0xFC0E, 0xFFFF, 0xFFFF, 0xFFFF, 0xFFFF, 0xFFFF, 0xFC0F, 0xF1A4, 0xF206, 0xF206,
    0xF206, 0xF206, 0xF206, 0xF206, 0xF206, 0xF206, 0xF206, 0xF206, 0x68E3, 0x0000, 0x0000, 0x0000,
    0x0000, 0x0000, 0x0000, 0x0000, 0x0000, 0x3881, 0xF206, 0xF206, 0xF206, 0xF206, 0xF206, 0xF206,
    0xF206, 0xF206, 0xF227, 0xF164, 0xF36C, 0xFFFF, 0xFFFF, 0xFFFF, 0xFFFF, 0xFFFF, 0xFC0F, 0xF0E1,
    0xF1E6, 0xF1E6, 0xF0E1, 0xFC0E, 0xFFFF, 0xFFFF, 0xFFFF, 0xFFFF, 0xFFFF, 0xF38C, 0xF163, 0xF227,
    0xF206, 0xF206, 0xF206, 0xF206, 0xF206, 0xF206, 0xF206, 0xF206, 0x3881, 0x0000, 0x0000, 0x0000,
    0x0000, 0x0000, 0x0000, 0x0000, 0x0000, 0x0800, 0xC986, 0xF226, 0xF206, 0xF206, 0xF206, 0xF206,
    0xF206, 0xF206, 0xF226, 0xF1E5, 0xF206, 0xFDF7, 0xFFFF, 0xFFFF, 0xFFFF, 0xFC0F, 0xF102, 0xF206,
    0xF227, 0xF227, 0xF206, 0xF102, 0xFC0E, 0xFFFF, 0xFFFF, 0xFFFF, 0xFDF7, 0xF206, 0xF1C5, 0xF226,
    0xF206, 0xF206, 0xF206, 0xF206, 0xF206, 0xF206, 0xF206, 0xC9C6, 0x0800, 0x0000, 0x0000, 0x0000,
    0x0000, 0x0000, 0x0000, 0x0000, 0x0000, 0x0000, 0x8162, 0xF1E7, 0xF206, 0xF206, 0xF206, 0xF206,
    0xF206, 0xF206, 0xF206, 0xF227, 0xF184, 0xF122, 0xFDD6, 0xFFFF, 0xFC2F, 0xF0E1, 0xF206, 0xF227,
    0xF206, 0xF206, 0xF227, 0xF206, 0xF0E1, 0xFC2F, 0xFFFF, 0xFDF6, 0xF122, 0xF184, 0xF227, 0xF206,
    0xF206, 0xF206, 0xF206, 0xF206, 0xF206, 0xF226, 0xF247, 0x78A2, 0x0000, 0x0000, 0x0000, 0x0000,
    0x0000, 0x0000, 0x0000, 0x0000, 0x0000, 0x0000, 0x2060, 0xE9C6, 0xF206, 0xF206, 0xF206, 0xF206,
    0xF206, 0xF206, 0xF206, 0xF206, 0xF227, 0xF184, 0xF226, 0xF38C, 0xF1A4, 0xF1E5, 0xF227, 0xF206,
    0xF206, 0xF206, 0xF206, 0xF227, 0xF1E6, 0xF1A4, 0xF38C, 0xF226, 0xF184, 0xF227, 0xF206, 0xF206,
    0xF206, 0xF206, 0xF206, 0xF206, 0xF206, 0xF206, 0xEA26, 0x2020, 0x0000, 0x0000, 0x0000, 0x0000,
    0x0000, 0x0000, 0x0000, 0x0000, 0x0000, 0x0000, 0x0000, 0x9143, 0xF207, 0xF206, 0xF206, 0xF206,
    0xF206, 0xF206, 0xF206, 0xF206, 0xF206, 0xF227, 0xF1E5, 0xF164, 0xF206, 0xF227, 0xF206, 0xF206,
    0xF206, 0xF206, 0xF206, 0xF206, 0xF227, 0xF206, 0xF164, 0xF1E5, 0xF227, 0xF206, 0xF206, 0xF206,
    0xF206, 0xF206, 0xF206, 0xF206, 0xF206, 0xF207, 0x9123, 0x0000, 0x0000, 0x0000, 0x0000, 0x0000,
    0x0000, 0x0000, 0x0000, 0x0000, 0x0000, 0x0000, 0x0000, 0x1020, 0xD9C6, 0xF206, 0xF206, 0xF206,
    0xF206, 0xF206, 0xF206, 0xF206, 0xF206, 0xF206, 0xF226, 0xF227, 0xF206, 0xF206, 0xF206, 0xF206,
    0xF206, 0xF206, 0xF206, 0xF206, 0xF206, 0xF206, 0xF227, 0xF226, 0xF206, 0xF206, 0xF206, 0xF206,
    0xF206, 0xF206, 0xF206, 0xF206, 0xF206, 0xD9E6, 0x1020, 0x0000, 0x0000, 0x0000, 0x0000, 0x0000,
    0x0000, 0x0000, 0x0000, 0x0000, 0x0000, 0x0000, 0x0000, 0x0000, 0x50A2, 0xF206, 0xF206, 0xF206,
    0xF206, 0xF206, 0xF206, 0xF206, 0xF206, 0xF206, 0xF206, 0xF206, 0xF206, 0xF206, 0xF206, 0xF206,
    0xF206, 0xF206, 0xF206, 0xF206, 0xF206, 0xF206, 0xF206, 0xF206, 0xF206, 0xF206, 0xF206, 0xF206,
    0xF206, 0xF206, 0xF206, 0xF206, 0xF206, 0x50A2, 0x0000, 0x0000, 0x0000, 0x0000, 0x0000, 0x0000,
    0x0000, 0x0000, 0x0000, 0x0000, 0x0000, 0x0000, 0x0000, 0x0000, 0x0000, 0x8923, 0xF206, 0xF206,
    0xF206, 0xF206, 0xF206, 0xF206, 0xF206, 0xF206, 0xF206, 0xF206, 0xF206, 0xF206, 0xF206, 0xF206,
    0xF206, 0xF206, 0xF206, 0xF206, 0xF206, 0xF206, 0xF206, 0xF206, 0xF206, 0xF206, 0xF206, 0xF206,
    0xF206, 0xF206, 0xF206, 0xF206, 0x8943, 0x0000, 0x0000, 0x0000, 0x0000, 0x0000, 0x0000, 0x0000,
    0x0000, 0x0000, 0x0000, 0x0000, 0x0000, 0x0000, 0x0000, 0x0000, 0x0000, 0x0000, 0x9944, 0xF206,
    0xF206, 0xF206, 0xF206, 0xF206, 0xF206, 0xF206, 0xF206, 0xF206, 0xF206, 0xF206, 0xF206, 0xF206,
    0xF206, 0xF206, 0xF206, 0xF206, 0xF206, 0xF206, 0xF206, 0xF206, 0xF206, 0xF206, 0xF206, 0xF206,
    0xF206, 0xF206, 0xF206, 0xA144, 0x0000, 0x0000, 0x0000, 0x0000, 0x0000, 0x0000, 0x0000, 0x0000,
    0x0000, 0x0000, 0x0000, 0x0000, 0x0000, 0x0000, 0x0000, 0x0000, 0x0000, 0x0000, 0x0800, 0x9964,
    0xF206, 0xF206, 0xF206, 0xF206, 0xF206, 0xF206, 0xF206, 0xF206, 0xF206, 0xF206, 0xF206, 0xF206,
    0xF206, 0xF206, 0xF206, 0xF206, 0xF206, 0xF206, 0xF206, 0xF206, 0xF206, 0xF206, 0xF206, 0xF206,
    0xF206, 0xF206, 0xA144, 0x0800, 0x0000, 0x0000, 0x0000, 0x0000, 0x0000, 0x0000, 0x0000, 0x0000,
    0x0000, 0x0000, 0x0000, 0x0000, 0x0000, 0x0000, 0x0000, 0x0000, 0x0000, 0x0000, 0x0000, 0x0000,
    0x8123, 0xF206, 0xF206, 0xF206, 0xF206, 0xF206, 0xF206, 0xF206, 0xF206, 0xF206, 0xF206, 0xF206,
    0xF206, 0xF206, 0xF206, 0xF206, 0xF206, 0xF206, 0xF206, 0xF206, 0xF206, 0xF206, 0xF206, 0xF206,
    0xF226, 0x8123, 0x0000, 0x0000, 0x0000, 0x0000, 0x0000, 0x0000, 0x0000, 0x0000, 0x0000, 0x0000,
    0x0000, 0x0000, 0x0000, 0x0000, 0x0000, 0x0000, 0x0000, 0x0000, 0x0000, 0x0000, 0x0000, 0x0000,
    0x0000, 0x58C2, 0xD1C5, 0xF226, 0xF206, 0xF206, 0xF206, 0xF206, 0xF206, 0xF206, 0xF206, 0xF206,
    0xF206, 0xF206, 0xF206, 0xF206, 0xF206, 0xF206, 0xF206, 0xF206, 0xF226, 0xF206, 0xF206, 0xD1C5,
    0x58C2, 0x0000, 0x0000, 0x0000, 0x0000, 0x0000, 0x0000, 0x0000, 0x0000, 0x0000, 0x0000, 0x0000,
    0x0000, 0x0000, 0x0000, 0x0000, 0x0000, 0x0000, 0x0000, 0x0000, 0x0000, 0x0000, 0x0000, 0x0000,
    0x0000, 0x0000, 0x1820, 0x8923, 0xE1E6, 0xF206, 0xF206, 0xF206, 0xF206, 0xF206, 0xF206, 0xF206,
    0xF206, 0xF206, 0xF206, 0xF206, 0xF206, 0xF206, 0xF206, 0xF206, 0xF227, 0xE1E6, 0x8924, 0x1020,
    0x0000, 0x0000, 0x0000, 0x0000, 0x0000, 0x0000, 0x0000, 0x0000, 0x0000, 0x0000, 0x0000, 0x0000,
    0x0000, 0x0000, 0x0000, 0x0000, 0x0000, 0x0000, 0x0000, 0x0000, 0x0000, 0x0000, 0x0000, 0x0000,
    0x0000, 0x0000, 0x0000, 0x0000, 0x2840, 0x7903, 0xC1A5, 0xF206, 0xF206, 0xF206, 0xF206, 0xF206,
    0xF206, 0xF206, 0xF206, 0xF206, 0xF206, 0xF206, 0xF206, 0xC9C5, 0x80E2, 0x2040, 0x0000, 0x0000,
    0x0000, 0x0000, 0x0000, 0x0000, 0x0000, 0x0000, 0x0000, 0x0000, 0x0000, 0x0000, 0x0000, 0x0000,
    0x0000, 0x0000, 0x0000, 0x0000, 0x0000, 0x0000, 0x0000, 0x0000, 0x0000, 0x0000, 0x0000, 0x0000,
    0x0000, 0x0000, 0x0000, 0x0000, 0x0000, 0x0000, 0x1020, 0x3881, 0x68E3, 0x9144, 0xB985, 0xC9C5,
    0xD9C6, 0xD9C6, 0xC9C5, 0xB985, 0x9144, 0x68E3, 0x3881, 0x1020, 0x0000, 0x0000, 0x0000, 0x0000,
    0x0000, 0x0000, 0x0000, 0x0000, 0x0000, 0x0000, 0x0000, 0x0000, 0x0000, 0x0000, 0x0000, 0x0000,
    0x0000, 0x0000, 0x0000, 0x0000, 0x0000, 0x0000, 0x0000, 0x0000, 0x0000, 0x0000, 0x0000, 0x0000,
    0x0000, 0x0000, 0x0000, 0x0000, 0x0000, 0x0000, 0x0000, 0x0000, 0x0000, 0x0000, 0x0000, 0x0000,
    0x0000, 0x0000, 0x0000, 0x0000, 0x0000, 0x0000, 0x0000, 0x0000, 0x0000, 0x0000, 0x0000, 0x0000,
    0x0000, 0x0000, 0x0000, 0x0000, 0x0000, 0x0000, 0x0000, 0x0000, 0x0000, 0x0000, 0x0000, 0x0000,
    0x0000, 0x0000, 0x0000, 0x0000, 0x0000, 0x0000, 0x0000, 0x0000, 0x0000, 0x0000, 0x0000, 0x0000,
    0x0000, 0x0000, 0x0000, 0x0000, 0x0000, 0x0000, 0x0000, 0x0000, 0x0000, 0x0000, 0x0000, 0x0000,
    0x0000, 0x0000, 0x0000, 0x0000, 0x0000, 0x0000, 0x0000, 0x0000, 0x0000, 0x0000, 0x0000, 0x0000,
    0x0000, 0x0000, 0x0000, 0x0000, 0x0000, 0x0000, 0x0000, 0x0000, 0x0000, 0x0000, 0x0000, 0x0000,
    0x0000, 0x0000, 0x0000, 0x0000, 0x0000, 0x0000, 0x0000, 0x0000, 0x0000, 0x0000, 0x0000, 0x0000,
    0x0000, 0x0000, 0x0000, 0x0000, 0x0000, 0x0000, 0x0000, 0x0000, 0x0000, 0x0000, 0x0000, 0x0000,
    0x0000, 0x0000, 0x0000, 0x0000, 0x0000, 0x0000, 0x0000, 0x0000, 0x0000, 0x0000, 0x0000, 0x0000,
    0x0000, 0x0000, 0x0000, 0x0000, 0x0000, 0x0000, 0x0000, 0x0000, 0x0000, 0x0000, 0x0000, 0x0000
};
#define CONNECTION_48_WIDTH 48
#define CONNECTION_48_HEIGHT 48
const uint16_t connection_48[2304] PROGMEM = {
    0x0000, 0x0000, 0x0000, 0x0000, 0x0000, 0x0000, 0x0000, 0x0000, 0x0000, 0x0000, 0x0000, 0x0000,
    0x0000, 0x0000, 0x0000, 0x0000, 0x0000, 0x0000, 0x0000, 0x0000, 0x0000, 0x0000, 0x0000, 0x0000,
    0x0000, 0x0000, 0x0000, 0x0000, 0x0000, 0x0000, 0x0000, 0x0000, 0x0000, 0x0000, 0x0000, 0x0000,
    0x0000, 0x0000, 0x0000, 0x0000, 0x0000, 0x0000, 0x0000, 0x0000, 0x0000, 0x0000, 0x0000, 0x0000,
    0x0000, 0x0000, 0x0000, 0x0000, 0x0000, 0x0000, 0x0000, 0x0000, 0x0000, 0x0000, 0x0000, 0x0000,
    0x0000, 0x0000, 0x0000, 0x0000, 0x0000, 0x0000, 0x0000, 0x0000, 0x0000, 0x0000, 0x0000, 0x0000,
    0x0000, 0x0000, 0x0000, 0x0000, 0x0000, 0x0000, 0x0000, 0x0000, 0x0000, 0x0000, 0x0000, 0x0000,
    0x0000, 0x0000, 0x0000, 0x0000, 0x0000, 0x0000, 0x0000, 0x0000, 0x0000, 0x0000, 0x0000, 0x0000,
    0x0000, 0x0000, 0x0000, 0x0000, 0x0000, 0x0000, 0x0000, 0x0000, 0x0000, 0x0000, 0x0000, 0x0000,
    0x0000, 0x0000, 0x0000, 0x0000, 0x0000, 0x0000, 0x0000, 0x0000, 0x0000, 0x0000, 0x0000, 0x0000,
    0x0000, 0x0000, 0x0000, 0x0000, 0x0000, 0x0000, 0x0000, 0x0000, 0x0000, 0x0000, 0x0000, 0x0000,
    0x0000, 0x0000, 0x0000, 0x0000, 0x0000, 0x0000, 0x0000, 0x0000, 0x0000, 0x0000, 0x0000, 0x0000,
    0x0000, 0x0000, 0x0000, 0x0000, 0x0000, 0x0000, 0x0000, 0x0000, 0x0000, 0x0000, 0x0000, 0x0000,
    0x0000, 0x0000, 0x0000, 0x0000, 0x0000, 0x0000, 0x0000, 0x0000, 0x0000, 0x0000, 0x0000, 0x0000,
    0x0000, 0x0000, 0x0000, 0x0000, 0x0000, 0x0000, 0x0000, 0x0000, 0x0000, 0x0000, 0x0000, 0x0000,
    0x0000, 0x0000, 0x0000, 0x0000, 0x0000, 0x0000, 0x0000, 0x0000, 0x0000, 0x0000, 0x0000, 0x0000,
    0x0000, 0x0000, 0x0000, 0x0000, 0x0000, 0x0000, 0x0000, 0x0000, 0x0000, 0x0000, 0x0000, 0x0000,
    0x0000, 0x0000, 0x0000, 0x0000, 0x0000, 0x0000, 0x0000, 0x0000, 0x0000, 0x0000, 0x0000, 0x0000,
    0x0000, 0x0000, 0x0000, 0x0000, 0x0000, 0x0000, 0x0000, 0x0000, 0x0000, 0x0000, 0x0000, 0x0000,
    0x0000, 0x0000, 0x0000, 0x0000, 0x0000, 0x0000, 0x0000, 0x0000, 0x0000, 0x0000, 0x0000, 0x0000,
    0x0000, 0x0000, 0x0000, 0x0000, 0x0000, 0x0000, 0x0000, 0x0000, 0x0000, 0x0000, 0x0000, 0x0000,
    0x0000, 0x0000, 0x0000, 0x0000, 0x0000, 0x0000, 0x0000, 0x0000, 0x00E4, 0x022A, 0x02CD, 0x02EE,
    0x028C, 0x0187, 0x0041, 0x0000, 0x0000, 0x0000, 0x0000, 0x0000, 0x0000, 0x0000, 0x0000, 0x0000,
    0x0000, 0x0000, 0x0000, 0x0000, 0x0000, 0x0000, 0x0000, 0x0000, 0x0000, 0x0000, 0x0000, 0x0000,
    0x0000, 0x0000, 0x0000, 0x0000, 0x0000, 0x0000, 0x0000, 0x0000, 0x0000, 0x0000, 0x0000, 0x0000,
    0x0000, 0x0000, 0x0000, 0x0000, 0x0000, 0x0000, 0x0166, 0x0C13, 0x0E1D, 0x0E9F, 0x0E9F, 0x0E9F,
    0x0E9F, 0x0E5F, 0x0CF8, 0x024B, 0x0000, 0x0000, 0x0000, 0x0000, 0x0000, 0x0000, 0x0000, 0x0000,
    0x0000, 0x0000, 0x0000, 0x0000, 0x0000, 0x0000, 0x0000, 0x0000, 0x0000, 0x0000, 0x0000, 0x0000,
    0x0000, 0x0000, 0x0000, 0x0000, 0x0000, 0x0000, 0x0000, 0x0000, 0x0000, 0x0000, 0x0000, 0x0000,
    0x0000, 0x0000, 0x0000, 0x0000, 0x0000, 0x020B, 0x0E1D, 0x0E9F, 0x0D9B, 0x0BF3, 0x030E, 0x02CD,
    0x0370, 0x0CF8, 0x0E9F, 0x0E9F, 0x03F3, 0x0062, 0x0000, 0x0000, 0x0000, 0x0000, 0x0000, 0x0000,
    0x0000, 0x0000, 0x0000, 0x0000, 0x0000, 0x0000, 0x0000, 0x0000, 0x0000, 0x0000, 0x0000, 0x0000,
    0x0000, 0x0000, 0x0000, 0x0000, 0x0000, 0x0000, 0x0000, 0x0000, 0x0000, 0x0000, 0x0000, 0x0000,
    0x0000, 0x0000, 0x0000, 0x0000, 0x0209, 0x0E7F, 0x0EBF, 0x030E, 0x0082, 0x0000, 0x0000, 0x0000,
    0x0000, 0x0041, 0x01E9, 0x0D59, 0x0E9F, 0x0C54, 0x0041, 0x0000, 0x0000, 0x0000, 0x0000, 0x0000,
    0x0000, 0x0000, 0x0000, 0x0000, 0x0000, 0x0000, 0x0000, 0x0000, 0x0000, 0x0000, 0x0000, 0x0000,
    0x0000, 0x0000, 0x0000, 0x0000, 0x0000, 0x0000, 0x0000, 0x0000, 0x0000, 0x0000, 0x0000, 0x0000,
    0x0000, 0x0000, 0x0000, 0x00E4, 0x0DBC, 0x0EBF, 0x022A, 0x0000, 0x0000, 0x0000, 0x0000, 0x0000,
    0x0000, 0x0000, 0x0000, 0x00A3, 0x0CD7, 0x0E9F, 0x0350, 0x0000, 0x0000, 0x0000, 0x0000, 0x0000,
    0x0000, 0x0000, 0x0000, 0x0000, 0x0000, 0x0000, 0x0000, 0x0000, 0x0000, 0x0000, 0x0000, 0x0000,
    0x0000, 0x0000, 0x0000, 0x0000, 0x0000, 0x0000, 0x0000, 0x0000, 0x0000, 0x0000, 0x0000, 0x0000,
    0x0000, 0x0000, 0x0000, 0x0C75, 0x0E9F, 0x0B90, 0x0000, 0x0000, 0x0000, 0x0000, 0x0000, 0x0000,
    0x0000, 0x0000, 0x0000, 0x0000, 0x00E4, 0x0DDC, 0x0E7F, 0x0187, 0x0000, 0x0000, 0x0000, 0x0000,
    0x0000, 0x0000, 0x0000, 0x0000, 0x0000, 0x0000, 0x0000, 0x0000, 0x0000, 0x0000, 0x0000, 0x0000,
    0x0000, 0x0000, 0x0000, 0x0000, 0x0000, 0x0000, 0x0000, 0x0000, 0x0000, 0x0000, 0x0000, 0x0000,
    0x0000, 0x0000, 0x02EE, 0x0E9F, 0x0D18, 0x0061, 0x0000, 0x0000, 0x0000, 0x0000, 0x0000, 0x0000,
    0x0000, 0x0000, 0x0000, 0x0000, 0x0000, 0x02AD, 0x0E9F, 0x0C14, 0x0000, 0x0000, 0x0000, 0x0000,
    0x0000, 0x0000, 0x0000, 0x0000, 0x0000, 0x0000, 0x0000, 0x0000, 0x0000, 0x0000, 0x0000, 0x0000,
    0x0000, 0x0000, 0x0000, 0x0000, 0x0000, 0x0000, 0x0000, 0x0000, 0x0000, 0x0000, 0x0167, 0x032F,
    0x0C54, 0x0CD7, 0x0E9F, 0x0DFC, 0x0146, 0x0000, 0x0000, 0x0000, 0x0000, 0x0000, 0x0000, 0x0000,
    0x0000, 0x0000, 0x0000, 0x0000, 0x0000, 0x0082, 0x0DDD, 0x0E3E, 0x01E9, 0x00E4, 0x0021, 0x0000,
    0x0000, 0x0000, 0x0000, 0x0000, 0x0000, 0x0000, 0x0000, 0x0000, 0x0000, 0x0000, 0x0000, 0x0000,
    0x0000, 0x0000, 0x0000, 0x0000, 0x0000, 0x0000, 0x0000, 0x0000, 0x0082, 0x0B71, 0x0E7E, 0x0EBF,
    0x0E7F, 0x0E7F, 0x0D39, 0x01C8, 0x0000, 0x0000, 0x0000, 0x0000, 0x0000, 0x0000, 0x0000, 0x0000,
    0x0000, 0x0000, 0x0000, 0x0000, 0x0000, 0x0000, 0x032F, 0x0E9F, 0x0E9F, 0x0E3E, 0x0C75, 0x01A8,
    0x0000, 0x0000, 0x0000, 0x0000, 0x0000, 0x0000, 0x0000, 0x0000, 0x0000, 0x0000, 0x0000, 0x0000,
    0x0000, 0x0000, 0x0000, 0x0000, 0x0000, 0x0000, 0x0000, 0x0041, 0x0C14, 0x0E9F, 0x0DBC, 0x030E,
    0x01C8, 0x0166, 0x00A3, 0x0000, 0x0000, 0x0000, 0x0000, 0x0000, 0x0000, 0x0000, 0x0000, 0x0000,
    0x0000, 0x0000, 0x0000, 0x0000, 0x0000, 0x0000, 0x0082, 0x02CD, 0x0C54, 0x0D9B, 0x0E9F, 0x0E7F,
    0x02EE, 0x0000, 0x0000, 0x0000, 0x0000, 0x0000, 0x0000, 0x0000, 0x0000, 0x0000, 0x0000, 0x0000,
    0x0000, 0x0000, 0x0000, 0x0000, 0x0000, 0x0000, 0x0000, 0x02CE, 0x167F, 0x0CF8, 0x00C3, 0x0000,
    0x0000, 0x0000, 0x0000, 0x0000, 0x0000, 0x0000, 0x0000, 0x0000, 0x0000, 0x0000, 0x0000, 0x0000,
    0x0000, 0x0000, 0x0000, 0x0000, 0x0000, 0x0000, 0x0000, 0x0000, 0x0000, 0x0062, 0x026C, 0x0E3E,
    0x0E9F, 0x02CD, 0x0000, 0x0000, 0x0000, 0x0000, 0x0000, 0x0000, 0x0000, 0x0000, 0x0000, 0x0000,
    0x0000, 0x0000, 0x0000, 0x0000, 0x0000, 0x0000, 0x0082, 0x0DBB, 0x0E5F, 0x0145, 0x0000, 0x0000,
    0x0000, 0x0000, 0x0000, 0x0000, 0x0000, 0x0000, 0x0000, 0x0000, 0x0000, 0x0000, 0x0000, 0x0000,
    0x0000, 0x0000, 0x0000, 0x0000, 0x0000, 0x0000, 0x0000, 0x0000, 0x0000, 0x0000, 0x0000, 0x0167,
    0x0E5E, 0x0E5E, 0x0146, 0x0000, 0x0000, 0x0000, 0x0000, 0x0000, 0x0000, 0x0000, 0x0000, 0x0000,
    0x0000, 0x0000, 0x0000, 0x0000, 0x0000, 0x0000, 0x01C8, 0x0E9F, 0x0C75, 0x0000, 0x0000, 0x0000,
    0x0000, 0x0000, 0x0000, 0x0000, 0x0000, 0x0000, 0x0000, 0x0000, 0x0000, 0x0000, 0x0000, 0x0000,
    0x0000, 0x0000, 0x0000, 0x0000, 0x0000, 0x0000, 0x0000, 0x0000, 0x0000, 0x0000, 0x0000, 0x0000,
    0x02EE, 0x0E7F, 0x03D2, 0x0000, 0x0000, 0x0000, 0x0000, 0x0000, 0x0000, 0x0000, 0x0000, 0x0000,
    0x0000, 0x0000, 0x0000, 0x0000, 0x0000, 0x0000, 0x026C, 0x0E9F, 0x0370, 0x0000, 0x0000, 0x0000,
    0x0000, 0x0000, 0x0000, 0x0000, 0x0000, 0x0000, 0x0000, 0x0000, 0x0000, 0x0000, 0x0000, 0x0000,
    0x0000, 0x0000, 0x0000, 0x0000, 0x0000, 0x0000, 0x0000, 0x0000, 0x0000, 0x0000, 0x0000, 0x0000,
    0x00A3, 0x0DFD, 0x0DBC, 0x0082, 0x0000, 0x0000, 0x0000, 0x0000, 0x0000, 0x0000, 0x0000, 0x0000,
    0x0000, 0x0000, 0x0000, 0x0000, 0x0000, 0x0000, 0x026B, 0x0E9F, 0x0391, 0x0000, 0x0000, 0x0000,
    0x0000, 0x0000, 0x0000, 0x0000, 0x0000, 0x0000, 0x0000, 0x0000, 0x0000, 0x0000, 0x0000, 0x0000,
    0x0000, 0x0000, 0x0000, 0x0000, 0x0000, 0x0000, 0x0000, 0x0000, 0x0000, 0x0000, 0x0000, 0x0000,
    0x0000, 0x0D18, 0x0E5E, 0x0125, 0x0000, 0x0000, 0x0000, 0x0000, 0x0000, 0x0000, 0x0000, 0x0000,
    0x0000, 0x0000, 0x0000, 0x0000, 0x0000, 0x0000, 0x0167, 0x0E9F, 0x0D18, 0x0000, 0x0000, 0x0000,
    0x0000, 0x0000, 0x0000, 0x0000, 0x0000, 0x0000, 0x0000, 0x0000, 0x0000, 0x0000, 0x0000, 0x0000,
    0x0000, 0x0000, 0x0000, 0x0000, 0x0000, 0x0000, 0x0000, 0x0000, 0x0000, 0x0000, 0x0000, 0x0000,
    0x0000, 0x0D18, 0x0E5E, 0x0125, 0x0000, 0x0000, 0x0000, 0x0000, 0x0000, 0x0000, 0x0000, 0x0000,
    0x0000, 0x0000, 0x0000, 0x0000, 0x0000, 0x0000, 0x0021, 0x0D38, 0x0E9F, 0x01E9, 0x0000, 0x0000,
    0x0000, 0x0000, 0x0000, 0x0000, 0x0000, 0x0000, 0x0000, 0x0000, 0x0000, 0x0000, 0x0000, 0x0000,
    0x0000, 0x0000, 0x0000, 0x0000, 0x0000, 0x0000, 0x0000, 0x0000, 0x0000, 0x0000, 0x0000, 0x0000,
    0x00C4, 0x0E3E, 0x0DBB, 0x0062, 0x0000, 0x0000, 0x0000, 0x0000, 0x0000, 0x0000, 0x0000, 0x0000,
    0x0000, 0x0000, 0x0000, 0x0000, 0x0000, 0x0000, 0x0000, 0x020A, 0x0E9F, 0x0DDC, 0x0146, 0x0000,
    0x0000, 0x0000, 0x0000, 0x0000, 0x0000, 0x0000, 0x0000, 0x0000, 0x0000, 0x0000, 0x0000, 0x0000,
    0x0000, 0x0000, 0x0000, 0x0000, 0x0000, 0x0000, 0x0000, 0x0000, 0x0000, 0x0000, 0x0000, 0x0000,
    0x0C33, 0x0E9F, 0x0B50, 0x0000, 0x0000, 0x0000, 0x0000, 0x0000, 0x0000, 0x0000, 0x0000, 0x0000,
    0x0000, 0x0000, 0x0000, 0x0000, 0x0000, 0x0000, 0x0000, 0x0000, 0x0B50, 0x0E9F, 0x0E3E, 0x032F,
    0x0167, 0x00A3, 0x0062, 0x0082, 0x0082, 0x0000, 0x0061, 0x0083, 0x0062, 0x0062, 0x0062, 0x0062,
    0x0062, 0x0062, 0x0062, 0x0062, 0x0062, 0x0062, 0x0062, 0x0062, 0x0062, 0x00C4, 0x01E9, 0x0C75,
    0x0E9F, 0x0CF8, 0x00C3, 0x0000, 0x0000, 0x0000, 0x0000, 0x0000, 0x0000, 0x0000, 0x0000, 0x0000,
    0x0000, 0x0000, 0x0000, 0x0000, 0x0000, 0x0000, 0x0000, 0x0000, 0x0020, 0x02EE, 0x0E1D, 0x169F,
    0x0E5E, 0x0DFC, 0x0DDB, 0x0DFC, 0x0CD7, 0x0166, 0x0BD2, 0x0DFC, 0x0DDC, 0x0DDC, 0x0DDC, 0x0DDC,
    0x0DDC, 0x0DDC, 0x0DDC, 0x0DDC, 0x0DDC, 0x0DDC, 0x0DDC, 0x0DDC, 0x0DBC, 0x0DFD, 0x0EBF, 0x0EBF,
    0x0CB6, 0x0105, 0x0000, 0x0000, 0x0000, 0x0000, 0x0000, 0x0000, 0x0000, 0x0000, 0x0000, 0x0000,
    0x0000, 0x0000, 0x0000, 0x0000, 0x0000, 0x0000, 0x0000, 0x0000, 0x0000, 0x0000, 0x0125, 0x032F,
    0x0CF7, 0x05DA, 0x0D9A, 0x063B, 0x04F7, 0x0166, 0x0BD2, 0x0DFC, 0x0DDC, 0x0DDC, 0x0DDC, 0x0DDC,
    0x0DDC, 0x0DDC, 0x0DDC, 0x0DDC, 0x0DDC, 0x0DDC, 0x0DDC, 0x0DDC, 0x0DFC, 0x0D9A, 0x0C54, 0x026B,
    0x0062, 0x0000, 0x0000, 0x0000, 0x0000, 0x0000, 0x0000, 0x0000, 0x0000, 0x0000, 0x0000, 0x0000,
    0x0000, 0x0000, 0x0000, 0x0000, 0x0000, 0x0000, 0x0000, 0x0000, 0x0000, 0x0000, 0x0000, 0x0000,
    0x0020, 0x08E7, 0x216F, 0x0908, 0x0062, 0x0000, 0x0061, 0x0083, 0x0062, 0x0062, 0x0062, 0x0062,
    0x0062, 0x0062, 0x0062, 0x0062, 0x0062, 0x0062, 0x0062, 0x0062, 0x0082, 0x0062, 0x0020, 0x0000,
    0x0000, 0x0000, 0x0000, 0x0000, 0x0000, 0x0000, 0x0000, 0x0000, 0x0000, 0x0000, 0x0000, 0x0000,
    0x0000, 0x0000, 0x0000, 0x0000, 0x0000, 0x0000, 0x0000, 0x0000, 0x0000, 0x0000, 0x0000, 0x0000,
    0x0000, 0x208C, 0x51DE, 0x208C, 0x0000, 0x0000, 0x0000, 0x0000, 0x0000, 0x0000, 0x0000, 0x0000,
    0x0000, 0x0000, 0x0000, 0x0000, 0x0000, 0x0000, 0x0000, 0x0000, 0x0000, 0x0000, 0x0000, 0x0000,
    0x0000, 0x0000, 0x0000, 0x0000, 0x0000, 0x0000, 0x0000, 0x0000, 0x0000, 0x0000, 0x0000, 0x0000,
    0x0000, 0x0000, 0x0000, 0x0000, 0x0000, 0x0000, 0x0000, 0x0000, 0x0000, 0x0000, 0x0000, 0x0000,
    0x0000, 0x210E, 0x4A7F, 0x210E, 0x0000, 0x0000, 0x0000, 0x0000, 0x0000, 0x0000, 0x0000, 0x0000,
    0x0000, 0x0000, 0x0000, 0x0000, 0x0000, 0x0000, 0x0000, 0x0000, 0x0000, 0x0000, 0x0000, 0x0000,
    0x0000, 0x0000, 0x0000, 0x0000, 0x0000, 0x0000, 0x0000, 0x0000, 0x0000, 0x0000, 0x0000, 0x0000,
    0x0000, 0x0000, 0x0000, 0x0000, 0x0000, 0x0000, 0x0000, 0x0000, 0x0000, 0x0000, 0x0000, 0x0000,
    0x0000, 0x210E, 0x4A7F, 0x210E, 0x0000, 0x0000, 0x0000, 0x0000, 0x0000, 0x0000, 0x0000, 0x0000,
    0x0000, 0x0000, 0x0000, 0x0000, 0x0000, 0x0000, 0x0000, 0x0000, 0x0000, 0x0000, 0x0022, 0x0022,
    0x0000, 0x0000, 0x0000, 0x0000, 0x0000, 0x0000, 0x0000, 0x0000, 0x0000, 0x0000, 0x0000, 0x0000,
    0x0000, 0x0000, 0x0000, 0x0000, 0x0000, 0x0000, 0x0000, 0x0000, 0x0000, 0x0000, 0x0000, 0x0000,
    0x0000, 0x210E, 0x4A7F, 0x210E, 0x0000, 0x0000, 0x0000, 0x0000, 0x0000, 0x0000, 0x0000, 0x0000,
    0x0000, 0x0000, 0x0000, 0x0000, 0x0000, 0x0000, 0x0000, 0x0000, 0x0000, 0x0001, 0x31B5, 0x3195,
    0x0022, 0x0000, 0x0000, 0x0000, 0x0000, 0x0000, 0x0000, 0x0000, 0x0000, 0x0000, 0x0000, 0x0000,
    0x0000, 0x0000, 0x0000, 0x0000, 0x0000, 0x0000, 0x0000, 0x0000, 0x0000, 0x0000, 0x0000, 0x0000,
    0x0000, 0x210E, 0x4A7F, 0x210E, 0x0000, 0x0000, 0x0000, 0x0000, 0x0000, 0x0000, 0x0000, 0x0000,
    0x0000, 0x0000, 0x0000, 0x0000, 0x0000, 0x0000, 0x0022, 0x0022, 0x0021, 0x0843, 0x4A5E, 0x4A5E,
    0x0022, 0x0000, 0x0000, 0x0000, 0x0000, 0x0000, 0x0000, 0x0000, 0x0000, 0x0000, 0x0000, 0x0000,
    0x0000, 0x0000, 0x0000, 0x0000, 0x0000, 0x0000, 0x0000, 0x0000, 0x0000, 0x0000, 0x0000, 0x0000,
    0x0000, 0x210E, 0x4A7F, 0x210D, 0x0000, 0x0000, 0x0000, 0x0000, 0x0000, 0x0000, 0x0000, 0x0000,
    0x0000, 0x0000, 0x0000, 0x0000, 0x0865, 0x2972, 0x421B, 0x423D, 0x39FA, 0x18EC, 0x421A, 0x39FC,
    0x0001, 0x0000, 0x0000, 0x0000, 0x0000, 0x0000, 0x0000, 0x0000, 0x0000, 0x0000, 0x0000, 0x0000,
    0x0000, 0x0000, 0x0000, 0x0000, 0x0000, 0x0000, 0x0000, 0x0000, 0x0000, 0x0000, 0x0000, 0x0000,
    0x0000, 0x210E, 0x4A7F, 0x210D, 0x0000, 0x0000, 0x0000, 0x0000, 0x0000, 0x0000, 0x0000, 0x0000,
    0x0000, 0x0000, 0x0000, 0x0844, 0x39F9, 0x4A7F, 0x423C, 0x423C, 0x39FA, 0x18EC, 0x39FA, 0x295B,
    0x0881, 0x0860, 0x1080, 0x1080, 0x1080, 0x10A0, 0x0020, 0x0000, 0x0000, 0x0000, 0x0000, 0x0000,
    0x0000, 0x0000, 0x0000, 0x0000, 0x0000, 0x0000, 0x0000, 0x0000, 0x0000, 0x0000, 0x0000, 0x0000,
    0x0000, 0x18EB, 0x4A7F, 0x2972, 0x0000, 0x0000, 0x0000, 0x0000, 0x0000, 0x0000, 0x0000, 0x0000,
    0x0000, 0x0000, 0x0000, 0x2972, 0x4A7F, 0x2972, 0x0023, 0x0022, 0x0021, 0x0843, 0x421B, 0x319A,
    0x4224, 0xCE80, 0xCE63, 0xCE63, 0xCE63, 0xC663, 0x4A81, 0x0000, 0x0000, 0x0000, 0x0000, 0x0000,
    0x0000, 0x0000, 0x0000, 0x0000, 0x0000, 0x0000, 0x0000, 0x0000, 0x0000, 0x0000, 0x0000, 0x0000,
    0x0000, 0x0024, 0x423C, 0x4A7F, 0x10A8, 0x0000, 0x0000, 0x0000, 0x0000, 0x0000, 0x0000, 0x0000,
    0x0000, 0x0000, 0x0001, 0x421C, 0x423D, 0x0023, 0x0000, 0x0000, 0x0000, 0x0001, 0x421C, 0x319A,
    0x4224, 0xCE80, 0xCE63, 0xCE63, 0xCE63, 0xC663, 0x4A61, 0x0000, 0x0000, 0x0000, 0x0000, 0x0000,
    0x0000, 0x0000, 0x0000, 0x0000, 0x0000, 0x0000, 0x0000, 0x0000, 0x0000, 0x0000, 0x0000, 0x0000,
    0x0000, 0x0000, 0x18EC, 0x4A5F, 0x4A7F, 0x2972, 0x210D, 0x210E, 0x210E, 0x210E, 0x210E, 0x210E,
    0x210E, 0x18EC, 0x1087, 0x421B, 0x423C, 0x0001, 0x0000, 0x0000, 0x0000, 0x0022, 0x423C, 0x295C,
    0x0881, 0x0860, 0x1080, 0x1080, 0x1080, 0x10A0, 0x0020, 0x0000, 0x0000, 0x0000, 0x0000, 0x0000,
    0x0000, 0x0000, 0x0000, 0x0000, 0x0000, 0x0000, 0x0000, 0x0000, 0x0000, 0x0000, 0x0000, 0x0000,
    0x0000, 0x0000, 0x0000, 0x18EC, 0x423B, 0x4A7F, 0x4A7F, 0x4A7F, 0x4A7F, 0x4A7F, 0x4A7F, 0x4A7F,
    0x4A7F, 0x4A7F, 0x210E, 0x39FA, 0x421C, 0x0022, 0x0000, 0x0000, 0x0000, 0x0022, 0x423C, 0x421C,
    0x0001, 0x0000, 0x0000, 0x0000, 0x0000, 0x0000, 0x0000, 0x0000, 0x0000, 0x0000, 0x0000, 0x0000,
    0x0000, 0x0000, 0x0000, 0x0000, 0x0000, 0x0000, 0x0000, 0x0000, 0x0000, 0x0000, 0x0000, 0x0000,
    0x0000, 0x0000, 0x0000, 0x0000, 0x0844, 0x18EB, 0x210E, 0x210E, 0x210E, 0x210E, 0x210E, 0x210E,
    0x210E, 0x18EC, 0x1087, 0x421B, 0x423C, 0x0001, 0x0000, 0x0000, 0x0000, 0x0022, 0x423C, 0x31BC,
    0x0021, 0x0000, 0x0000, 0x0000, 0x0000, 0x0000, 0x0000, 0x0000, 0x0000, 0x0000, 0x0000, 0x0000,
    0x0000, 0x0000, 0x0000, 0x0000, 0x0000, 0x0000, 0x0000, 0x0000, 0x0000, 0x0000, 0x0000, 0x0000,
    0x0000, 0x0000, 0x0000, 0x0000, 0x0000, 0x0000, 0x0000, 0x0000, 0x0000, 0x0000, 0x0000, 0x0000,
    0x0000, 0x0000, 0x0001, 0x421C, 0x4A5D, 0x0023, 0x0000, 0x0000, 0x0000, 0x0001, 0x421C, 0x297B,
    0x2943, 0x6320, 0x6322, 0x6321, 0x6341, 0x6B62, 0x2120, 0x0000, 0x0000, 0x0000, 0x0000, 0x0000,
    0x0000, 0x0000, 0x0000, 0x0000, 0x0000, 0x0000, 0x0000, 0x0000, 0x0000, 0x0000, 0x0000, 0x0000,
    0x0000, 0x0000, 0x0000, 0x0000, 0x0000, 0x0000, 0x0000, 0x0000, 0x0000, 0x0000, 0x0000, 0x0000,
    0x0000, 0x0000, 0x0000, 0x2972, 0x4A7F, 0x2972, 0x0023, 0x0022, 0x0021, 0x0843, 0x39FB, 0x31BA,
    0x52A5, 0xEFC0, 0xE724, 0xE724, 0xE724, 0xDF04, 0x6341, 0x0000, 0x0000, 0x0000, 0x0000, 0x0000,
    0x0000, 0x0000, 0x0000, 0x0000, 0x0000, 0x0000, 0x0000, 0x0000, 0x0000, 0x0000, 0x0000, 0x0000,
    0x0000, 0x0000, 0x0000, 0x0000, 0x0000, 0x0000, 0x0000, 0x0000, 0x0000, 0x0000, 0x0000, 0x0000,
    0x0000, 0x0000, 0x0000, 0x0844, 0x39F9, 0x4A7F, 0x423C, 0x423C, 0x39FA, 0x18EC, 0x39FA, 0x295A,
    0x2943, 0x6320, 0x6322, 0x6321, 0x6341, 0x6B62, 0x2100, 0x0000, 0x0000, 0x0000, 0x0000, 0x0000,
    0x0000, 0x0000, 0x0000, 0x0000, 0x0000, 0x0000, 0x0000, 0x0000, 0x0000, 0x0000, 0x0000, 0x0000,
    0x0000, 0x0000, 0x0000, 0x0000, 0x0000, 0x0000, 0x0000, 0x0000, 0x0000, 0x0000, 0x0000, 0x0000,
    0x0000, 0x0000, 0x0000, 0x0000, 0x0865, 0x2972, 0x421B, 0x423D, 0x39FA, 0x18EC, 0x421A, 0x319C,
    0x0021, 0x0000, 0x0000, 0x0000, 0x0000, 0x0000, 0x0000, 0x0000, 0x0000, 0x0000, 0x0000, 0x0000,
    0x0000, 0x0000, 0x0000, 0x0000, 0x0000, 0x0000, 0x0000, 0x0000, 0x0000, 0x0000, 0x0000, 0x0000,
    0x0000, 0x0000, 0x0000, 0x0000, 0x0000, 0x0000, 0x0000, 0x0000, 0x0000, 0x0000, 0x0000, 0x0000,
    0x0000, 0x0000, 0x0000, 0x0000, 0x0000, 0x0000, 0x0022, 0x0022, 0x0021, 0x0843, 0x423D, 0x4A5D,
    0x0002, 0x0000, 0x0000, 0x0000, 0x0000, 0x0000, 0x0000, 0x0000, 0x0000, 0x0000, 0x0000, 0x0000,
    0x0000, 0x0000, 0x0000, 0x0000, 0x0000, 0x0000, 0x0000, 0x0000, 0x0000, 0x0000, 0x0000, 0x0000,
    0x0000, 0x0000, 0x0000, 0x0000, 0x0000, 0x0000, 0x0000, 0x0000, 0x0000, 0x0000, 0x0000, 0x0000,
    0x0000, 0x0000, 0x0000, 0x0000, 0x0000, 0x0000, 0x0000, 0x0000, 0x0000, 0x0022, 0x423C, 0x423C,
    0x0022, 0x0000, 0x0000, 0x0000, 0x0000, 0x0000, 0x0000, 0x0000, 0x0000, 0x0000, 0x0000, 0x0000,
    0x0000, 0x0000, 0x0000, 0x0000, 0x0000, 0x0000, 0x0000, 0x0000, 0x0000, 0x0000, 0x0000, 0x0000,
    0x0000, 0x0000, 0x0000, 0x0000, 0x0000, 0x0000, 0x0000, 0x0000, 0x0000, 0x0000, 0x0000, 0x0000,
    0x0000, 0x0000, 0x0000, 0x0000, 0x0000, 0x0000, 0x0000, 0x0000, 0x0000, 0x0001, 0x18CB, 0x18CA,
    0x0001, 0x0000, 0x0000, 0x0000, 0x0000, 0x0000, 0x0000, 0x0000, 0x0000, 0x0000, 0x0000, 0x0000,
    0x0000, 0x0000, 0x0000, 0x0000, 0x0000, 0x0000, 0x0000, 0x0000, 0x0000, 0x0000, 0x0000, 0x0000,
    0x0000, 0x0000, 0x0000, 0x0000, 0x0000, 0x0000, 0x0000, 0x0000, 0x0000, 0x0000, 0x0000, 0x0000,
    0x0000, 0x0000, 0x0000, 0x0000, 0x0000, 0x0000, 0x0000, 0x0000, 0x0000, 0x0000, 0x0000, 0x0000,
    0x0000, 0x0000, 0x0000, 0x0000, 0x0000, 0x0000, 0x0000, 0x0000, 0x0000, 0x0000, 0x0000, 0x0000,
    0x0000, 0x0000, 0x0000, 0x0000, 0x0000, 0x0000, 0x0000, 0x0000, 0x0000, 0x0000, 0x0000, 0x0000,
    0x0000, 0x0000, 0x0000, 0x0000, 0x0000, 0x0000, 0x0000, 0x0000, 0x0000, 0x0000, 0x0000, 0x0000,
    0x0000, 0x0000, 0x0000, 0x0000, 0x0000, 0x0000, 0x0000, 0x0000, 0x0000, 0x0000, 0x0000, 0x0000,
    0x0000, 0x0000, 0x0000, 0x0000, 0x0000, 0x0000, 0x0000, 0x0000, 0x0000, 0x0000, 0x0000, 0x0000
};